Workbook
Name SALDOBALANSE_1_10_2008_ALLEKTO: 'Areal - Budsjett 2020'!$A$5:$D$142
Name SALDOBALANSE_1_10_2008_ALLEKTO: 'Areal - Gruppen'!$A$5:$D$86
Name SALDOBALANSE_1_10_2008_ALLEKTO: 'Fritzøe - budsj 2020'!$A$5:$D$157
Name SALDOBALANSE_1_10_2008_ALLEKTO: 'Fritzøe - Budsjett 2019'!$A$5:$D$155
Name SALDOBALANSE_1_10_2008_ALLEKTO: 'Fritzøe - budsjett service'!$A$5:$D$156
Name SALDOBALANSE_1_10_2008_ALLEKTO: 'KONSERN - Budsjett 2019'!$A$5:$D$98

Sheet Areal - Gruppen
A1: RESULTATBUDSJETT - 2020 | C1: AREAL-GRUPPEN AS
A3: Konto | B3: Kontonavn | C3: % | D3: Jan | E3: Feb | F3: Mar | G3: Apr | H3: Mai | I3: Jun | J3: Jul | K3: Aug | L3: Sep | M3: Okt | N3: Nov | O3: Des | P3: Total
A4: INNTEKTER
A5: 3000 | B5: Inntekter viderefakturering lokaler | C5: =P5/$P$14 -> 0.26600325 | D5: =16931+29630+30553*1.014 -> 77541.742 | E5: =D5 -> 77541.742 | F5: =E5 -> 77541.742 | G5: =F5 -> 77541.742 | H5: =G5 -> 77541.742 | I5: =H5 -> 77541.742 | J5: =I5 -> 77541.742 | K5: =J5 -> 77541.742 | L5: =K5 -> 77541.742 | ... O5: =N5 -> 77541.742 | P5: =SUM(D5:O5) -> 930500.9
A6: 3001 | B6: Fakturering regnskapstjenester | C6: =P6/$P$14 -> 0.1372181 | D6: 40000 | E6: =D6 -> 40000 | F6: =E6 -> 40000 | G6: =F6 -> 40000 | H6: =G6 -> 40000 | I6: =H6 -> 40000 | J6: =I6 -> 40000 | K6: =J6 -> 40000 | L6: =K6 -> 40000 | ... O6: =N6 -> 40000 | P6: =SUM(D6:O6) -> 480000
A7: 3002 | B7: Fakturering renhold | C7: =P7/$P$14 -> 0.014459357 | D7: =1365+1500+1350 -> 4215 | E7: =D7 -> 4215 | F7: =E7 -> 4215 | G7: =F7 -> 4215 | H7: =G7 -> 4215 | I7: =H7 -> 4215 | J7: =I7 -> 4215 | K7: =J7 -> 4215 | L7: =K7 -> 4215 | ... O7: =N7 -> 4215 | P7: =SUM(D7:O7) -> 50580
A8: 3003 | B8: Faktuering IT-kostnader | C8: =P8/$P$14 -> 0.014922468 | D8: =450+900+1500+1500 -> 4350 | E8: =D8 -> 4350 | F8: =E8 -> 4350 | G8: =F8 -> 4350 | H8: =G8 -> 4350 | I8: =H8 -> 4350 | J8: =I8 -> 4350 | K8: =J8 -> 4350 | L8: =K8 -> 4350 | ... O8: =N8 -> 4350 | P8: =SUM(D8:O8) -> 52200
A9: 3004 | B9: Fakturering strøm | C9: =P9/$P$14 -> 0.019210533 | D9: =1800+1800+2000 -> 5600 | E9: =D9 -> 5600 | F9: =E9 -> 5600 | G9: =F9 -> 5600 | H9: =G9 -> 5600 | I9: =H9 -> 5600 | J9: =I9 -> 5600 | K9: =J9 -> 5600 | L9: =K9 -> 5600 | ... O9: =N9 -> 5600 | P9: =SUM(D9:O9) -> 67200
A10: 3005 | B10: Fakturering kantinekostnader | C10: =P10/$P$14 -> 0.0082330857 | D10: =6*400 -> 2400 | E10: =D10 -> 2400 | F10: =E10 -> 2400 | G10: =F10 -> 2400 | H10: =G10 -> 2400 | I10: =H10 -> 2400 | J10: =I10 -> 2400 | K10: =J10 -> 2400 | L10: =K10 -> 2400 | ... O10: =N10 -> 2400 | P10: =SUM(D10:O10) -> 28800
A11: 3006 | B11: Fakturering finans (Fritzøe) | C11: =P11/$P$14 -> 0.051456786 | D11: 15000 | E11: =D11 -> 15000 | F11: =E11 -> 15000 | G11: =F11 -> 15000 | H11: =G11 -> 15000 | I11: =H11 -> 15000 | J11: =I11 -> 15000 | K11: =J11 -> 15000 | L11: =K11 -> 15000 | ... O11: =N11 -> 15000 | P11: =SUM(D11:O11) -> 180000
A12: 3020 | B12: Fakturering konsernkostnader | C12: =P12/$P$14 -> 0.41851519 | D12: 122000 | E12: =D12 -> 122000 | F12: =E12 -> 122000 | G12: =F12 -> 122000 | H12: =G12 -> 122000 | I12: =H12 -> 122000 | J12: =I12 -> 122000 | K12: =J12 -> 122000 | L12: =K12 -> 122000 | ... O12: =N12 -> 122000 | P12: =SUM(D12:O12) -> 1464000
A13: 3030 | B13: Fakturering rgnskapstjenester | C13: =P13/$P$14 -> 0.069981229 | D13: =30*680 -> 20400 | E13: =D13 -> 20400 | F13: =E13 -> 20400 | G13: =F13 -> 20400 | H13: =G13 -> 20400 | I13: =H13 -> 20400 | J13: =I13 -> 20400 | K13: =J13 -> 20400 | L13: =K13 -> 20400 | ... O13: =N13 -> 20400 | P13: =SUM(D13:O13) -> 244800
B14: Sum inntekter | C14: =P14/$P$14 -> 1 | D14: =SUM(D5:D13) -> 291506.74 | E14: =SUM(E5:E13) -> 291506.74 | F14: =SUM(F5:F13) -> 291506.74 | G14: =SUM(G5:G13) -> 291506.74 | H14: =SUM(H5:H13) -> 291506.74 | I14: =SUM(I5:I13) -> 291506.74 | J14: =SUM(J5:J13) -> 291506.74 | K14: =SUM(K5:K13) -> 291506.74 | ... P14: =SUM(P5:P13) -> 3498080.9 | IV14: =SUM(D14:IU14) -> 6996161.8
A16: VAREKOSTNADER
A17: 4500 | B17: Strøm (viderefakt) | C17: =P17/$P$14 -> 0.017464121 | D17: =D9/1.1 -> 5090.9091 | E17: =D17 -> 5090.9091 | F17: =E17 -> 5090.9091 | G17: =F17 -> 5090.9091 | H17: =G17 -> 5090.9091 | I17: =H17 -> 5090.9091 | J17: =I17 -> 5090.9091 | K17: =J17 -> 5090.9091 | L17: =K17 -> 5090.9091 | ... O17: =N17 -> 5090.9091 | P17: =SUM(D17:O17) -> 61090.909
A18: 4501 | B18: Husleie (viderefakt) | C18: =P18/$P$14 -> 0.24559295 | D18: 71592 | E18: =D18 -> 71592 | F18: =E18 -> 71592 | G18: =F18 -> 71592 | H18: =G18 -> 71592 | I18: =H18 -> 71592 | J18: =I18 -> 71592 | K18: =J18 -> 71592 | L18: =K18 -> 71592 | ... O18: =N18 -> 71592 | P18: =SUM(D18:O18) -> 859104
A19: 4502 | B19: Renhold (viderefakt) | C19: =P19/$P$14 -> 0.012774319 | D19: =4.33*860 -> 3723.8 | E19: =D19 -> 3723.8 | F19: =E19 -> 3723.8 | G19: =F19 -> 3723.8 | H19: =G19 -> 3723.8 | I19: =H19 -> 3723.8 | J19: =I19 -> 3723.8 | K19: =J19 -> 3723.8 | L19: =K19 -> 3723.8 | ... O19: =N19 -> 3723.8 | P19: =SUM(D19:O19) -> 44685.6
A20: 4503 | B20: IT-kostnader (viderefakt) | C20: =P20/$P$14 -> 0.01372181 | D20: 4000 | E20: =D20 -> 4000 | F20: =E20 -> 4000 | G20: =F20 -> 4000 | H20: =G20 -> 4000 | I20: =H20 -> 4000 | J20: =I20 -> 4000 | K20: =J20 -> 4000 | L20: =K20 -> 4000 | ... O20: =N20 -> 4000 | P20: =SUM(D20:O20) -> 48000
A21: 4504 | B21: Kantinekostnader (viderefakt) | C21: =P21/$P$14 -> 0.01372181 | D21: =4000 -> 4000 | E21: =D21 -> 4000 | F21: =E21 -> 4000 | G21: =F21 -> 4000 | H21: =G21 -> 4000 | I21: =H21 -> 4000 | J21: =I21 -> 4000 | K21: =J21 -> 4000 | L21: =K21 -> 4000 | ... O21: =N21 -> 4000 | P21: =SUM(D21:O21) -> 48000
A22: 4505 | B22: Øvrige felleskostnader (viderefakt) | C22: =P22/$P$14 -> 0.0034304524 | D22: 1000 | E22: =D22 -> 1000 | F22: =E22 -> 1000 | G22: =F22 -> 1000 | H22: =G22 -> 1000 | I22: =H22 -> 1000 | J22: =I22 -> 1000 | K22: =J22 -> 1000 | L22: =K22 -> 1000 | ... O22: =N22 -> 1000 | P22: =SUM(D22:O22) -> 12000
B23: Sum varekostnader | C23: =P23/$P$14 -> 0.30670546 | D23: =SUM(D17:D22) -> 89406.709 | E23: =SUM(E17:E22) -> 89406.709 | F23: =SUM(F17:F22) -> 89406.709 | G23: =SUM(G17:G22) -> 89406.709 | H23: =SUM(H17:H22) -> 89406.709 | I23: =SUM(I17:I22) -> 89406.709 | J23: =SUM(J17:J22) -> 89406.709 | K23: =SUM(K17:K22) -> 89406.709 | ... P23: =SUM(P17:P22) -> 1072880.5 | Q23: =P23/$P$14 -> 0.30670546
A25: DEKNINGSGRAD 1 | C25: =P25/$P$14 -> 0.69329454 | D25: =D14-D23 -> 202100.03 | E25: =E14-E23 -> 202100.03 | F25: =F14-F23 -> 202100.03 | G25: =G14-G23 -> 202100.03 | H25: =H14-H23 -> 202100.03 | I25: =I14-I23 -> 202100.03 | J25: =J14-J23 -> 202100.03 | K25: =K14-K23 -> 202100.03 | ... O25: =O14-O23 -> 202100.03 | P25: =SUM(D25:O25) -> 2425200.4
A27: LØNNSKOSTNADER
A28: 5000 | B28: Lønn til ansatte | C28: =P28/$P$14 -> 0.4090338 | D28: =82500+680000/12-50000 -> 89166.667 | E28: =D28 -> 89166.667 | F28: =82500+680000/12 -> 139166.67 | G28: =F28 -> 139166.67 | H28: =G28 -> 139166.67 | I28: =H28 -> 139166.67 | J28: 0 | K28: =I28 -> 139166.67 | L28: =K28 -> 139166.67 | M28: =L28 -> 139166.67 | N28: =M28 -> 139166.67 | O28: =N28 -> 139166.67 | P28: =SUM(D28:O28) -> 1430833.3
A29: 5001 | B29: Overtid | C29: =P29/$P$14 -> 0 | D29: 0 | E29: 0 | F29: 0 | G29: 0 | H29: 0 | I29: 0 | J29: 0 | K29: 0 | L29: 0 | M29: 0 | N29: 0 | O29: 0 | P29: =SUM(D29:O29) -> 0
A30: 5090 | B30: Feriepenger | C30: =P30/$P$14 -> 0.049084056 | D30: =SUM(D28*12/100) -> 10700 | E30: =SUM(E28*12/100) -> 10700 | F30: =SUM(F28*12/100) -> 16700 | G30: =SUM(G28*12/100) -> 16700 | H30: =SUM(H28*12/100) -> 16700 | I30: =SUM(I28*12/100) -> 16700 | J30: =SUM(J28*12/100) -> 0 | K30: =SUM(K28*12/100) -> 16700 | ... O30: =SUM(O28*12/100) -> 16700 | P30: =SUM(D30:O30) -> 171700
A31: 5110 | B31: Sykepenger | C31: =P31/$P$14 -> 0 | P31: =SUM(D31:O31) -> 0
A32: 5182 | B32: Arbeidsgiveravgift påløpne feriepenger | C32: =P32/$P$14 -> 0.0038776404 | D32: =SUM(D30*7.9%) -> 845.3 | E32: =SUM(E30*7.9%) -> 845.3 | F32: =SUM(F30*7.9%) -> 1319.3 | G32: =SUM(G30*7.9%) -> 1319.3 | H32: =SUM(H30*7.9%) -> 1319.3 | I32: =SUM(I30*7.9%) -> 1319.3 | J32: =SUM(J30*7.9%) -> 0 | K32: =SUM(K30*7.9%) -> 1319.3 | ... O32: =SUM(O30*7.9%) -> 1319.3 | P32: =SUM(D32:O32) -> 13564.3
A33: 5330 | B33: Styrehonorar | C33: =P33/$P$14 -> 0.071467758 | D33: =250000/12 -> 20833.333 | E33: =D33 -> 20833.333 | F33: =E33 -> 20833.333 | G33: =F33 -> 20833.333 | H33: =G33 -> 20833.333 | I33: =H33 -> 20833.333 | J33: =I33 -> 20833.333 | K33: =J33 -> 20833.333 | L33: =K33 -> 20833.333 | ... O33: =N33 -> 20833.333 | P33: =SUM(D33:O33) -> 250000
A34: 5400 | B34: Arbeidsgiveravgift | C34: =P34/$P$14 -> 0.037959623 | D34: =(D28+D33)*7.9% -> 8690 | E34: =(E28+E33)*7.9% -> 8690 | F34: =(F28+F33)*7.9% -> 12640 | G34: =(G28+G33)*7.9% -> 12640 | H34: =(H28+H33)*7.9% -> 12640 | I34: =(I28+I33)*7.9% -> 12640 | J34: =(J28+J33)*7.9% -> 1645.8333 | K34: =(K28+K33)*7.9% -> 12640 | ... O34: =(O28+O33)*7.9% -> 12640 | P34: =SUM(D34:O34) -> 132785.83
B35: Sum lønnskostnader | C35: =P35/$P$14 -> 0.57142288 | D35: =SUM(D28:D34) -> 130235.3 | E35: =SUM(E28:E34) -> 130235.3 | F35: =SUM(F28:F34) -> 190659.3 | G35: =SUM(G28:G34) -> 190659.3 | H35: =SUM(H28:H34) -> 190659.3 | I35: =SUM(I28:I34) -> 190659.3 | J35: =SUM(J28:J34) -> 22479.167 | K35: =SUM(K28:K34) -> 190659.3 | ... P35: =SUM(P28:P34) -> 1998883.5
A37: ANDRE PERSONALKOSTNADER
A38: 5920 | B38: Yrkesskadeforsikring | C38: =P38/$P$14 -> 0.0008576131 | D38: 250 | E38: =D38 -> 250 | F38: =E38 -> 250 | G38: =F38 -> 250 | H38: =G38 -> 250 | I38: =H38 -> 250 | J38: =I38 -> 250 | K38: =J38 -> 250 | L38: =K38 -> 250 | ... O38: =N38 -> 250 | P38: =SUM(D38:O38) -> 3000
A39: 5945 | B39: Innskuddsbasert tjenestepensjon | C39: =P39/$P$14 -> 0.016709162 | D39: =SUM(F28*3.5/100) -> 4870.8333 | E39: =D39 -> 4870.8333 | F39: =E39 -> 4870.8333 | G39: =F39 -> 4870.8333 | H39: =G39 -> 4870.8333 | I39: =H39 -> 4870.8333 | J39: =I39 -> 4870.8333 | K39: =J39 -> 4870.8333 | L39: =K39 -> 4870.8333 | ... O39: =N39 -> 4870.8333 | P39: =SUM(D39:O39) -> 58450
A40: 5950 | B40: Kurskostnader | C40: =P40/$P$14 -> 0.017152262 | D40: 5000 | E40: =D40 -> 5000 | F40: =E40 -> 5000 | G40: =F40 -> 5000 | H40: =G40 -> 5000 | I40: =H40 -> 5000 | J40: =I40 -> 5000 | K40: =J40 -> 5000 | L40: =K40 -> 5000 | ... O40: =N40 -> 5000 | P40: =SUM(D40:O40) -> 60000
A41: 5990 | B41: Andre personalkostnader | C41: =P41/$P$14 -> 0.0034304524 | D41: 1000 | E41: =D41 -> 1000 | F41: =E41 -> 1000 | G41: =F41 -> 1000 | H41: =G41 -> 1000 | I41: =H41 -> 1000 | J41: =I41 -> 1000 | K41: =J41 -> 1000 | L41: =K41 -> 1000 | ... O41: =N41 -> 1000 | P41: =SUM(D41:O41) -> 12000
B42: Sum andre personalkostnader | C42: =P42/$P$14 -> 0.038149489 | D42: =SUM(D38:D41) -> 11120.833 | E42: =SUM(E38:E41) -> 11120.833 | F42: =SUM(F38:F41) -> 11120.833 | G42: =SUM(G38:G41) -> 11120.833 | H42: =SUM(H38:H41) -> 11120.833 | I42: =SUM(I38:I41) -> 11120.833 | J42: =SUM(J38:J41) -> 11120.833 | K42: =SUM(K38:K41) -> 11120.833 | ... P42: =SUM(P38:P41) -> 133450
B44: SUM LØNNS- OG PERSONALKOSTNADER | D44: =D35+D42 -> 141356.13 | E44: =E35+E42 -> 141356.13 | F44: =F35+F42 -> 201780.13 | G44: =G35+G42 -> 201780.13 | H44: =H35+H42 -> 201780.13 | I44: =I35+I42 -> 201780.13 | J44: =J35+J42 -> 33600 | K44: =K35+K42 -> 201780.13 | ... P44: =P35+P42 -> 2132333.5
A46: DEKNINGSGRAD 1 | C46: =P46/$P$14 -> 0.083722171 | D46: =D25-D44 -> 60743.9 | E46: =E25-E44 -> 60743.9 | F46: =F25-F44 -> 319.89958 | G46: =G25-G44 -> 319.89958 | H46: =H25-H44 -> 319.89958 | I46: =I25-I44 -> 319.89958 | J46: =J25-J44 -> 168500.03 | K46: =K25-K44 -> 319.89958 | ... O46: =O25-O44 -> 319.89958 | P46: =SUM(D46:O46) -> 292866.93
A48: KOSTNADSFØRTE ANSKAFFELSER
B49: Avskrivninger | C49: =P49/$P$14 -> 0.0123401 | D49: =(82500+47000)/36 -> 3597.2222 | E49: =D49 -> 3597.2222 | F49: =E49 -> 3597.2222 | G49: =F49 -> 3597.2222 | H49: =G49 -> 3597.2222 | I49: =H49 -> 3597.2222 | J49: =I49 -> 3597.2222 | K49: =J49 -> 3597.2222 | L49: =K49 -> 3597.2222 | ... O49: =N49 -> 3597.2222 | P49: =SUM(D49:O49) -> 43166.667
A50: 6541 | B50: IT-utstyr og telefoner | C50: =P50/$P$14 -> 0.010291357 | D50: 3000 | E50: =D50 -> 3000 | F50: =E50 -> 3000 | G50: =F50 -> 3000 | H50: =G50 -> 3000 | I50: =H50 -> 3000 | J50: =I50 -> 3000 | K50: =J50 -> 3000 | L50: =K50 -> 3000 | ... O50: =N50 -> 3000 | P50: =SUM(D50:O50) -> 36000
A51: 6553 | B51: Lisenser dataprogram | C51: =P51/$P$14 -> 0.0051456786 | D51: 1500 | E51: =D51 -> 1500 | F51: =E51 -> 1500 | G51: =F51 -> 1500 | H51: =G51 -> 1500 | I51: =H51 -> 1500 | J51: =I51 -> 1500 | K51: =J51 -> 1500 | L51: =K51 -> 1500 | ... O51: =N51 -> 1500 | P51: =SUM(D51:O51) -> 18000
B52: Sum kostnadsførte anskaffelser | C52: =P52/$P$14 -> 0.027777135 | D52: =SUM(D49:D51) -> 8097.2222 | E52: =SUM(E49:E51) -> 8097.2222 | F52: =SUM(F49:F51) -> 8097.2222 | G52: =SUM(G49:G51) -> 8097.2222 | H52: =SUM(H49:H51) -> 8097.2222 | I52: =SUM(I49:I51) -> 8097.2222 | J52: =SUM(J49:J51) -> 8097.2222 | K52: =SUM(K49:K51) -> 8097.2222 | ... P52: =SUM(P49:P51) -> 97166.667
A54: EKSTERNE HONORARER
A55: 6701 | B55: Revisjonshonorar | C55: =P55/$P$14 -> 0.0068609048 | D55: 2000 | E55: =D55 -> 2000 | F55: =E55 -> 2000 | G55: =F55 -> 2000 | H55: =G55 -> 2000 | I55: =H55 -> 2000 | J55: =I55 -> 2000 | K55: =J55 -> 2000 | L55: =K55 -> 2000 | ... O55: =N55 -> 2000 | P55: =SUM(D55:O55) -> 24000
A56: 6705 | B56: Regnskapshonorar | C56: =P56/$P$14 -> 0 | E56: =D56 -> 0 | F56: =E56 -> 0 | G56: =F56 -> 0 | H56: =G56 -> 0 | I56: =H56 -> 0 | J56: =I56 -> 0 | K56: =J56 -> 0 | L56: =K56 -> 0 | ... O56: =N56 -> 0 | P56: =SUM(D56:O56) -> 0
A57: 6725 | B57: Honorar juridisk bistand | C57: =P57/$P$14 -> 0.0034304524 | D57: 1000 | E57: =D57 -> 1000 | F57: =E57 -> 1000 | G57: =F57 -> 1000 | H57: =G57 -> 1000 | I57: =H57 -> 1000 | J57: =I57 -> 1000 | K57: =J57 -> 1000 | L57: =K57 -> 1000 | ... O57: =N57 -> 1000 | P57: =SUM(D57:O57) -> 12000
B58: Sum eksterne honorarer | C58: =P58/$P$14 -> 0.010291357 | D58: =SUM(D55:D57) -> 3000 | E58: =SUM(E55:E57) -> 3000 | F58: =SUM(F55:F57) -> 3000 | G58: =SUM(G55:G57) -> 3000 | H58: =SUM(H55:H57) -> 3000 | I58: =SUM(I55:I57) -> 3000 | J58: =SUM(J55:J57) -> 3000 | K58: =SUM(K55:K57) -> 3000 | ... P58: =SUM(P55:P57) -> 36000
A60: KONTORKOSTNADER
A61: 6800 | B61: Kontorrekvisita | C61: =P61/$P$14 -> 0.0051456786 | D61: 1500 | E61: =D61 -> 1500 | F61: =E61 -> 1500 | G61: =F61 -> 1500 | H61: =G61 -> 1500 | I61: =H61 -> 1500 | J61: =I61 -> 1500 | K61: =J61 -> 1500 | L61: =K61 -> 1500 | ... O61: =N61 -> 1500 | P61: =SUM(D61:O61) -> 18000
A62: 6840 | B62: Aviser og tidsskrifter | C62: =P62/$P$14 -> 0.0017152262 | D62: 500 | E62: =D62 -> 500 | F62: =E62 -> 500 | G62: =F62 -> 500 | H62: =G62 -> 500 | I62: =H62 -> 500 | J62: =I62 -> 500 | K62: =J62 -> 500 | L62: =K62 -> 500 | ... O62: =N62 -> 500 | P62: =SUM(D62:O62) -> 6000
A63: 6860 | B63: Møter og kurs | C63: =P63/$P$14 -> 0.0017152262 | D63: 500 | E63: =D63 -> 500 | F63: =E63 -> 500 | G63: =F63 -> 500 | H63: =G63 -> 500 | I63: =H63 -> 500 | J63: =I63 -> 500 | K63: =J63 -> 500 | L63: =K63 -> 500 | ... O63: =N63 -> 500 | P63: =SUM(D63:O63) -> 6000
A64: 6890 | B64: Annen kontorkostnad | C64: =P64/$P$14 -> 0 | E64: =D64 -> 0 | F64: =E64 -> 0 | G64: =F64 -> 0 | H64: =G64 -> 0 | I64: =H64 -> 0 | J64: =I64 -> 0 | K64: =J64 -> 0 | L64: =K64 -> 0 | ... O64: =N64 -> 0 | P64: =SUM(D64:O64) -> 0
A65: 6903 | B65: Mobiltelefon (ab) | C65: =P65/$P$14 -> 0.0041165429 | D65: 1200 | E65: =D65 -> 1200 | F65: =E65 -> 1200 | G65: =F65 -> 1200 | H65: =G65 -> 1200 | I65: =H65 -> 1200 | J65: =I65 -> 1200 | K65: =J65 -> 1200 | L65: =K65 -> 1200 | ... O65: =N65 -> 1200 | P65: =SUM(D65:O65) -> 14400
B66: Sum kontorkostnader | C66: =P66/$P$14 -> 0.012692674 | D66: =SUM(D61:D65) -> 3700 | E66: =SUM(E61:E65) -> 3700 | F66: =SUM(F61:F65) -> 3700 | G66: =SUM(G61:G65) -> 3700 | H66: =SUM(H61:H65) -> 3700 | I66: =SUM(I61:I65) -> 3700 | J66: =SUM(J61:J65) -> 3700 | K66: =SUM(K61:K65) -> 3700 | ... P66: =SUM(P61:P65) -> 44400
A68: REISE, DIETT OG BILGODTGJØRELSE
A69: 7100 | B69: Bilgodtgjørelse oppgavepliktig | C69: =P69/$P$14 -> 0.012006583 | D69: 3500 | E69: =D69 -> 3500 | F69: =E69 -> 3500 | G69: =F69 -> 3500 | H69: =G69 -> 3500 | I69: =H69 -> 3500 | J69: =I69 -> 3500 | K69: =J69 -> 3500 | L69: =K69 -> 3500 | ... O69: =N69 -> 3500 | P69: =SUM(D69:O69) -> 42000
A70: 7140 | B70: Reisekostnader, ikke innberetningspliktig | C70: =P70/$P$14 -> 0 | D70: 0 | E70: =D70 -> 0 | F70: =E70 -> 0 | G70: =F70 -> 0 | H70: =G70 -> 0 | I70: =H70 -> 0 | J70: =I70 -> 0 | K70: =J70 -> 0 | L70: =K70 -> 0 | ... O70: =N70 -> 0 | P70: =SUM(D70:O70) -> 0
A71: 7150 | B71: Reise/diett oppgavelpliktig | C71: =P71/$P$14 -> 0 | D71: 0 | E71: =D71 -> 0 | F71: =E71 -> 0 | G71: =F71 -> 0 | H71: =G71 -> 0 | I71: =H71 -> 0 | J71: =I71 -> 0 | K71: =J71 -> 0 | L71: =K71 -> 0 | ... O71: =N71 -> 0 | P71: =SUM(D71:O71) -> 0
A72: 7160 | B72: Diettkostnad, ikke oppgavepliktig | C72: =P72/$P$14 -> 0 | D72: 0 | E72: =D72 -> 0 | F72: =E72 -> 0 | G72: =F72 -> 0 | H72: =G72 -> 0 | I72: =H72 -> 0 | J72: =I72 -> 0 | K72: =J72 -> 0 | L72: =K72 -> 0 | ... O72: =N72 -> 0 | P72: =SUM(D72:O72) -> 0
B73: Sum reise, diett og bilgodtgjørelse | C73: =P73/$P$14 -> 0.012006583 | D73: =SUM(D69:D72) -> 3500 | E73: =SUM(E69:E72) -> 3500 | F73: =SUM(F69:F72) -> 3500 | G73: =SUM(G69:G72) -> 3500 | H73: =SUM(H69:H72) -> 3500 | I73: =SUM(I69:I72) -> 3500 | J73: =SUM(J69:J72) -> 3500 | K73: =SUM(K69:K72) -> 3500 | ... P73: =SUM(P69:P72) -> 42000
A75: GAVER OG KONTIGENTER
A76: 7400 | B76: Kontigenter, fradragsberettigede | C76: =P76/$P$14 -> 0.0034304524 | D76: 1000 | E76: =D76 -> 1000 | F76: =E76 -> 1000 | G76: =F76 -> 1000 | H76: =G76 -> 1000 | I76: =H76 -> 1000 | J76: =I76 -> 1000 | K76: =J76 -> 1000 | L76: =K76 -> 1000 | ... O76: =N76 -> 1000 | P76: =SUM(D76:O76) -> 12000
B77: Sum gaver og kontigenter | C77: =P77/$P$14 -> 0.0034304524 | D77: =SUM(D76:D76) -> 1000 | E77: =SUM(E76:E76) -> 1000 | F77: =SUM(F76:F76) -> 1000 | G77: =SUM(G76:G76) -> 1000 | H77: =SUM(H76:H76) -> 1000 | I77: =SUM(I76:I76) -> 1000 | J77: =SUM(J76:J76) -> 1000 | K77: =SUM(K76:K76) -> 1000 | ... P77: =SUM(P76:P76) -> 12000
A79: ANDRE KOSTNADER
A80: 7770 | B80: Bankgebyr | C80: =P80/$P$14 -> 0.0017152262 | D80: 500 | E80: =D80 -> 500 | F80: =E80 -> 500 | G80: =F80 -> 500 | H80: =G80 -> 500 | I80: =H80 -> 500 | J80: =I80 -> 500 | K80: =J80 -> 500 | L80: =K80 -> 500 | ... O80: =N80 -> 500 | P80: =SUM(D80:O80) -> 6000
B81: Sum andre kostnader | C81: =P81/$P$14 -> 0.0017152262 | D81: =SUM(D80:D80) -> 500 | E81: =SUM(E80:E80) -> 500 | F81: =SUM(F80:F80) -> 500 | G81: =SUM(G80:G80) -> 500 | H81: =SUM(H80:H80) -> 500 | I81: =SUM(I80:I80) -> 500 | J81: =SUM(J80:J80) -> 500 | K81: =SUM(K80:K80) -> 500 | ... P81: =SUM(P80:P80) -> 6000
A83: DRIFTSRESULTAT | C83: =P83/$P$14 -> 0.015808743 | D83: =SUM(D46-D52-D58-D66-D73-D77-D81) -> 40946.677 | E83: =SUM(E46-E52-E58-E66-E73-E77-E81) -> 40946.677 | F83: =SUM(F46-F52-F58-F66-F73-F77-F81) -> -19477.323 | G83: =SUM(G46-G52-G58-G66-G73-G77-G81) -> -19477.323 | H83: =SUM(H46-H52-H58-H66-H73-H77-H81) -> -19477.323 | I83: =SUM(I46-I52-I58-I66-I73-I77-I81) -> -19477.323 | J83: =SUM(J46-J52-J58-J66-J73-J77-J81) -> 148702.81 | K83: =SUM(K46-K52-K58-K66-K73-K77-K81) -> -19477.323 | ... P83: =SUM(P46-P52-P58-P66-P73-P77-P81) -> 55300.262 | Q83: =P83/$P$14 -> 0.015808743
A85: FINANS
A86: 8156 | B86: Rentekostnader | C86: =P86/$P$14 -> 0.054887238 | D86: 16000 | E86: =D86 -> 16000 | F86: =E86 -> 16000 | G86: =F86 -> 16000 | H86: =G86 -> 16000 | I86: =H86 -> 16000 | J86: =I86 -> 16000 | K86: =J86 -> 16000 | L86: =K86 -> 16000 | ... O86: =N86 -> 16000 | P86: =SUM(D86:O86) -> 192000
B87: Sum finansinntekter-/kostnader | C87: =P87/$P$14 -> 0.054887238 | D87: =SUM(D86:D86) -> 16000 | E87: =SUM(E86:E86) -> 16000 | F87: =SUM(F86:F86) -> 16000 | G87: =SUM(G86:G86) -> 16000 | H87: =SUM(H86:H86) -> 16000 | I87: =SUM(I86:I86) -> 16000 | J87: =SUM(J86:J86) -> 16000 | K87: =SUM(K86:K86) -> 16000 | ... P87: =SUM(P86:P86) -> 192000
A89: OVERSKUDD/UNDERSKUDD | C89: =P89/$P$14 -> -0.039078495 | D89: =D83-D87 -> 24946.677 | E89: =E83-E87 -> 24946.677 | F89: =F83-F87 -> -35477.323 | G89: =G83-G87 -> -35477.323 | H89: =H83-H87 -> -35477.323 | I89: =I83-I87 -> -35477.323 | J89: =J83-J87 -> 132702.81 | K89: =K83-K87 -> -35477.323 | ... P89: =P83-P87 -> -136699.74
A91: AKKUMULERT - OVERSKUDD/UNDERSKUDD | D91: =D89 -> 24946.677 | E91: =D91+E89 -> 49893.355 | F91: =E91+F89 -> 14416.032 | G91: =F91+G89 -> -21061.291 | H91: =G91+H89 -> -56538.613 | I91: =H91+I89 -> -92015.936 | J91: =I91+J89 -> 40686.875 | K91: =J91+K89 -> 5209.5522 | L91: =K91+L89 -> -30267.77 | ... O91: =N91+O89 -> -136699.74 | P91: =O91 -> -136699.74

Sheet Areal - Budsjett 2020
A1: RESULTATBUDSJETT - 2020 | C1: AREAL BYGGSERVICE AS
A3: Konto | B3: Kontonavn | C3: % | D3: Jan | E3: Feb | F3: Mar | G3: Apr | H3: Mai | I3: Jun | J3: Jul | K3: Aug | L3: Sep | M3: Okt | N3: Nov | O3: Des | P3: Total
A4: INNTEKTER
A5: 3010 | B5: Inntekter byggearbeid | C5: =P5/$P$8 -> 0.26706745 | D5: ='Areal - forutsetn.'!G48 -> 613348.12 | E5: ='Areal - forutsetn.'!H48 -> 718990.02 | F5: ='Areal - forutsetn.'!I48 -> 753227.64 | G5: ='Areal - forutsetn.'!J48 -> 582039.54 | H5: ='Areal - forutsetn.'!K48 -> 650514.78 | I5: ='Areal - forutsetn.'!L48 -> 650514.78 | J5: ='Areal - forutsetn.'!M48 -> 342376.2 | K5: ='Areal - forutsetn.'!N48 -> 575192.02 | ... O5: ='Areal - forutsetn.'!R48 -> 617989.04 | P5: =SUM(D5:O5) -> 7769010.7
A6: 3011 | B6: Inntekter malerarbeid | C6: =P6/$P$8 -> 0.68343112 | D6: ='Areal - forutsetn.'!G47 -> 1760281.6 | E6: ='Areal - forutsetn.'!H47 -> 1731740.8 | F6: ='Areal - forutsetn.'!I47 -> 1814204.7 | G6: ='Areal - forutsetn.'!J47 -> 1401885.4 | H6: ='Areal - forutsetn.'!K47 -> 1848108.2 | I6: ='Areal - forutsetn.'!L47 -> 1848108.2 | J6: ='Areal - forutsetn.'!M47 -> 972688.5 | K6: ='Areal - forutsetn.'!N47 -> 1634116.7 | ... O6: ='Areal - forutsetn.'!R47 -> 1399395.7 | P6: =SUM(D6:O6) -> 19881059
A7: 3012 | B7: Inntekter UE | C7: =P7/$P$8 -> 0.049501429 | D7: 120000 | E7: =D7 -> 120000 | F7: =E7 -> 120000 | G7: =F7 -> 120000 | H7: =G7 -> 120000 | I7: =H7 -> 120000 | J7: =I7 -> 120000 | K7: =J7 -> 120000 | L7: =K7 -> 120000 | ... O7: =N7 -> 120000 | P7: =SUM(D7:O7) -> 1440000
B8: Sum inntekter | C8: =P8/$P$8 -> 1 | D8: =SUM(D5:D7) -> 2493629.7 | E8: =SUM(E5:E7) -> 2570730.9 | F8: =SUM(F5:F7) -> 2687432.3 | G8: =SUM(G5:G7) -> 2103925 | H8: =SUM(H5:H7) -> 2618622.9 | I8: =SUM(I5:I7) -> 2618622.9 | J8: =SUM(J5:J7) -> 1435064.7 | K8: =SUM(K5:K7) -> 2329308.7 | ... P8: =SUM(P5:P7) -> 29090069 | IV8: =SUM(D8:IU8) -> 58180139
A10: VAREKOSTNADER
A11: 4010 | B11: Varekjøp byggearbeid | C11: 0.48 | D11: =D5*$C$11 -> 294407.1 | E11: =E5*$C$11 -> 345115.21 | F11: =F5*$C$11 -> 361549.27 | G11: =G5*$C$11 -> 279378.98 | H11: =H5*$C$11 -> 312247.09 | I11: =I5*$C$11 -> 312247.09 | J11: =J5*$C$11 -> 164340.58 | K11: =K5*$C$11 -> 276092.17 | ... O11: =O5*$C$11 -> 296634.74 | P11: =SUM(D11:O11) -> 3729125.1
A13: 4011 | B13: Varekjøp malerarbeid | C13: 0.13 | D13: =D6*$C$13 -> 228836.61 | E13: =E6*$C$13 -> 225126.31 | F13: =F6*$C$13 -> 235846.61 | G13: =G6*$C$13 -> 182245.11 | H13: =H6*$C$13 -> 240254.06 | I13: =I6*$C$13 -> 240254.06 | J13: =J6*$C$13 -> 126449.51 | K13: =K6*$C$13 -> 212435.17 | ... O13: =O6*$C$13 -> 181921.45 | P13: =SUM(D13:O13) -> 2584537.6 | Q13: =P13/P6 -> 0.13
A14: 4350 | B14: Produksjonsavfall | C14: =P14/$P$8 -> 0.0082502381 | D14: 20000 | E14: =D14 -> 20000 | F14: =E14 -> 20000 | G14: =F14 -> 20000 | H14: =G14 -> 20000 | I14: =H14 -> 20000 | J14: =I14 -> 20000 | K14: =J14 -> 20000 | L14: =K14 -> 20000 | ... O14: =N14 -> 20000 | P14: =SUM(D14:O14) -> 240000
A15: 4500 | B15: Innkjøpte tjenester (UE) | C15: =P15/$P$8 -> 0.045001299 | D15: =D7/1.1 -> 109090.91 | E15: =D15 -> 109090.91 | F15: =E15 -> 109090.91 | G15: =F15 -> 109090.91 | H15: =G15 -> 109090.91 | I15: =H15 -> 109090.91 | J15: =I15 -> 109090.91 | K15: =J15 -> 109090.91 | L15: =K15 -> 109090.91 | ... O15: =N15 -> 109090.91 | P15: =SUM(D15:O15) -> 1309090.9
A16: 4505 | B16: Leie stillas/utstyr/container | C16: =P16/$P$8 -> 0.015812956 | D16: 30000 | E16: =D16 -> 30000 | F16: =E16 -> 30000 | G16: =F16 -> 30000 | H16: 50000 | I16: =H16 -> 50000 | J16: =I16 -> 50000 | K16: =J16 -> 50000 | L16: =K16 -> 50000 | M16: 30000 | N16: =M16 -> 30000 | O16: =N16 -> 30000 | P16: =SUM(D16:O16) -> 460000
B17: Sum varekostnader | C17: =P17/$P$8 -> 0.28610292 | D17: =SUM(D11:D16) -> 682334.61 | E17: =SUM(E11:E16) -> 729332.43 | F17: =SUM(F11:F16) -> 756486.79 | G17: =SUM(G11:G16) -> 620715 | H17: =SUM(H11:H16) -> 731592.06 | I17: =SUM(I11:I16) -> 731592.06 | J17: =SUM(J11:J16) -> 469880.99 | K17: =SUM(K11:K16) -> 667618.25 | ... P17: =SUM(P11:P16) -> 8322753.7 | Q17: =P17/$P$8 -> 0.28610292
A19: DEKNINGSGRAD 1 | C19: =P19/$P$8 -> 0.71389708 | D19: =D8-D17 -> 1811295.1 | E19: =E8-E17 -> 1841398.4 | F19: =F8-F17 -> 1930945.6 | G19: =G8-G17 -> 1483210 | H19: =H8-H17 -> 1887030.9 | I19: =I8-I17 -> 1887030.9 | J19: =J8-J17 -> 965183.71 | K19: =K8-K17 -> 1661690.5 | ... O19: =O8-O17 -> 1499737.7 | P19: =SUM(D19:O19) -> 20767316
A21: LØNNSKOSTNADER
A22: 5000 | B22: Lønn til ansatte | C22: =P22/$P$8 -> 0.40619448 | D22: ='Areal - forutsetn.'!G39+'Areal - forutsetn.'!G40 -> 965582.82 | E22: ='Areal - forutsetn.'!H39+'Areal - forutsetn.'!H40 -> 961510.38 | F22: ='Areal - forutsetn.'!I39+'Areal - forutsetn.'!I40 -> 1057661.4 | G22: ='Areal - forutsetn.'!J39+'Areal - forutsetn.'!J40 -> 992981.68 | H22: ='Areal - forutsetn.'!K39+'Areal - forutsetn.'!K40 -> 1140071.2 | I22: ='Areal - forutsetn.'!L39+'Areal - forutsetn.'!L40 -> 1085766.7 | J22: ='Areal - forutsetn.'!M39+'Areal - forutsetn.'!M40 -> 542874.88 | K22: ='Areal - forutsetn.'!N39+'Areal - forutsetn.'!N40 -> 868599.82 | ... O22: ='Areal - forutsetn.'!R39+'Areal - forutsetn.'!R40 -> 964224.13 | P22: =SUM(D22:O22) -> 11816226
A23: 5001 | B23: Overtid | C23: =P23/$P$8 -> 0.0040619448 | D23: =D22*1% -> 9655.8282 | E23: =E22*1% -> 9615.1038 | F23: =F22*1% -> 10576.614 | G23: =G22*1% -> 9929.8168 | H23: =H22*1% -> 11400.712 | I23: =I22*1% -> 10857.667 | J23: =J22*1% -> 5428.7488 | K23: =K22*1% -> 8685.9982 | ... O23: =O22*1% -> 9642.2413 | P23: =SUM(D23:O23) -> 118162.26
A24: 5090 | B24: Feriepenger | C24: =P24/$P$8 -> 0.049230771 | D24: =(D22+D23)*12% -> 117028.64 | E24: =(E22+E23)*12% -> 116535.06 | F24: =(F22+F23)*12% -> 128188.56 | G24: =(G22+G23)*12% -> 120349.38 | H24: =(H22+H23)*12% -> 138176.63 | I24: =(I22+I23)*12% -> 131594.93 | J24: =(J22+J23)*12% -> 65796.436 | K24: =(K22+K23)*12% -> 105274.3 | ... O24: =(O22+O23)*12% -> 116863.96 | P24: =SUM(D24:O24) -> 1432126.6
A25: 5182 | B25: Arbeidsgiveravgift påløpne feriepenger | C25: =P25/$P$8 -> 0.0038892309 | D25: =SUM(D24*7.9%) -> 9245.2623 | E25: =SUM(E24*7.9%) -> 9206.2696 | F25: =SUM(F24*7.9%) -> 10126.897 | G25: =SUM(G24*7.9%) -> 9507.6009 | H25: =SUM(H24*7.9%) -> 10915.954 | I25: =SUM(I24*7.9%) -> 10395.999 | J25: =SUM(J24*7.9%) -> 5197.9184 | K25: =SUM(K24*7.9%) -> 8316.6695 | ... O25: =SUM(O24*7.9%) -> 9232.2532 | P25: =SUM(D25:O25) -> 113138
A26: 5400 | B26: Arbeidsgiveravgift | C26: =P26/$P$8 -> 0.032410258 | D26: =(D22+D23)*7.9% -> 77043.853 | E26: =(E22+E23)*7.9% -> 76718.914 | F26: =(F22+F23)*7.9% -> 84390.805 | G26: =(G22+G23)*7.9% -> 79230.008 | H26: =(H22+H23)*7.9% -> 90966.279 | I26: =(I22+I23)*7.9% -> 86633.327 | J26: =(J22+J23)*7.9% -> 43315.987 | K26: =(K22+K23)*7.9% -> 69305.579 | ... O26: =(O22+O23)*7.9% -> 76935.443 | P26: =SUM(D26:O26) -> 942816.65
B27: Sum lønnskostnader | C27: =P27/$P$8 -> 0.49578669 | D27: =SUM(D22:D26) -> 1178556.4 | E27: =SUM(E22:E26) -> 1173585.7 | F27: =SUM(F22:F26) -> 1290944.3 | G27: =SUM(G22:G26) -> 1211998.5 | H27: =SUM(H22:H26) -> 1391530.8 | I27: =SUM(I22:I26) -> 1325248.7 | J27: =SUM(J22:J26) -> 662613.97 | K27: =SUM(K22:K26) -> 1060182.4 | ... P27: =SUM(P22:P26) -> 14422469 | Q27: =P27/$P$8 -> 0.49578669
A29: ANDRE PERSONALKOSTNADER
A30: 5920 | B30: Yrkesskadeforsikring | C30: =P30/$P$8 -> 0.0012375357 | D30: 3000 | E30: =D30 -> 3000 | F30: =E30 -> 3000 | G30: =F30 -> 3000 | H30: =G30 -> 3000 | I30: =H30 -> 3000 | J30: =I30 -> 3000 | K30: =J30 -> 3000 | L30: =K30 -> 3000 | ... O30: =N30 -> 3000 | P30: =SUM(D30:O30) -> 36000
A31: 5945 | B31: Innskuddsbasert tjenestepensjon | C31: =P31/$P$8 -> 0.013810612 | D31: =SUM(D22*3.4/100) -> 32829.816 | E31: =SUM(E22*3.4/100) -> 32691.353 | F31: =SUM(F22*3.4/100) -> 35960.488 | G31: =SUM(G22*3.4/100) -> 33761.377 | H31: =SUM(H22*3.4/100) -> 38762.42 | I31: =SUM(I22*3.4/100) -> 36916.069 | J31: =SUM(J22*3.4/100) -> 18457.746 | K31: =SUM(K22*3.4/100) -> 29532.394 | ... O31: =SUM(O22*3.4/100) -> 32783.62 | P31: =SUM(D31:O31) -> 401751.68
A32: 5950 | B32: Kurskostnader | C32: =P32/$P$8 -> 0.0049501429 | D32: 12000 | E32: =D32 -> 12000 | F32: =E32 -> 12000 | G32: =F32 -> 12000 | H32: =G32 -> 12000 | I32: =H32 -> 12000 | J32: =I32 -> 12000 | K32: =J32 -> 12000 | L32: =K32 -> 12000 | ... O32: =N32 -> 12000 | P32: =SUM(D32:O32) -> 144000
A33: 5960 | B33: Bedriftshelsetjeneste | C33: =P33/$P$8 -> 0.00082502381 | D33: 2000 | E33: =D33 -> 2000 | F33: =E33 -> 2000 | G33: =F33 -> 2000 | H33: =G33 -> 2000 | I33: =H33 -> 2000 | J33: =I33 -> 2000 | K33: =J33 -> 2000 | L33: =K33 -> 2000 | ... O33: =N33 -> 2000 | P33: =SUM(D33:O33) -> 24000
A34: 5990 | B34: Andre personalkostnader | C34: =P34/$P$8 -> 0.0061876786 | D34: 15000 | E34: =D34 -> 15000 | F34: =E34 -> 15000 | G34: =F34 -> 15000 | H34: =G34 -> 15000 | I34: =H34 -> 15000 | J34: =I34 -> 15000 | K34: =J34 -> 15000 | L34: =K34 -> 15000 | ... O34: =N34 -> 15000 | P34: =SUM(D34:O34) -> 180000
B35: Sum andre personalkostnader | C35: =P35/$P$8 -> 0.027010993 | D35: =SUM(D30:D34) -> 64829.816 | E35: =SUM(E30:E34) -> 64691.353 | F35: =SUM(F30:F34) -> 67960.488 | G35: =SUM(G30:G34) -> 65761.377 | H35: =SUM(H30:H34) -> 70762.42 | I35: =SUM(I30:I34) -> 68916.069 | J35: =SUM(J30:J34) -> 50457.746 | K35: =SUM(K30:K34) -> 61532.394 | ... P35: =SUM(P30:P34) -> 785751.68
B37: SUM LØNNS- OG PERSONALKOSTNADER | D37: =D27+D35 -> 1243386.2 | E37: =E27+E35 -> 1238277.1 | F37: =F27+F35 -> 1358904.8 | G37: =G27+G35 -> 1277759.9 | H37: =H27+H35 -> 1462293.2 | I37: =I27+I35 -> 1394164.7 | J37: =J27+J35 -> 713071.72 | K37: =K27+K35 -> 1121714.8 | ... P37: =P27+P35 -> 15208221 | Q37: =P37/$P$8 -> 0.52279768
A39: DEKNINGSGRAD 2 | C39: =P39/$P$8 -> 0.1910994 | D39: =D19-D37 -> 567908.89 | E39: =E19-E37 -> 603121.36 | F39: =F19-F37 -> 572040.76 | G39: =G19-G37 -> 205450.14 | H39: =H19-H37 -> 424737.7 | I39: =I19-I37 -> 492866.15 | J39: =J19-J37 -> 252111.99 | K39: =K19-K37 -> 539975.7 | ... O39: =O19-O37 -> 258056.04 | P39: =SUM(D39:O39) -> 5559094.9 | Q39: =P39/$P$8 -> 0.1910994
A41: AVSKRIVNINGER
A42: 6000 | B42: Avskrivning maskiner mv | C42: =P42/$P$8 -> 0.0072189584 | D42: 17500 | E42: =D42 -> 17500 | F42: =E42 -> 17500 | G42: =F42 -> 17500 | H42: =G42 -> 17500 | I42: =H42 -> 17500 | J42: =I42 -> 17500 | K42: =J42 -> 17500 | L42: =K42 -> 17500 | ... O42: =N42 -> 17500 | P42: =SUM(D42:O42) -> 210000
B43: Sum avskrivninger | C43: =P43/$P$8 -> 0.0072189584 | D43: =SUM(D42:D42) -> 17500 | E43: =SUM(E42:E42) -> 17500 | F43: =SUM(F42:F42) -> 17500 | G43: =SUM(G42:G42) -> 17500 | H43: =SUM(H42:H42) -> 17500 | I43: =SUM(I42:I42) -> 17500 | J43: =SUM(J42:J42) -> 17500 | K43: =SUM(K42:K42) -> 17500 | ... P43: =SUM(P42:P42) -> 210000
A45: KOSTNADER LOKALER
A46: 6300 | B46: Leie lokaler | C46: =P46/$P$8 -> 0.012222563 | D46: =26936*1.1 -> 29629.6 | E46: =D46 -> 29629.6 | F46: =E46 -> 29629.6 | G46: =F46 -> 29629.6 | H46: =G46 -> 29629.6 | I46: =H46 -> 29629.6 | J46: =I46 -> 29629.6 | K46: =J46 -> 29629.6 | L46: =K46 -> 29629.6 | ... O46: =N46 -> 29629.6 | P46: =SUM(D46:O46) -> 355555.2
A47: 6301 | B47: Leie lokaler - Fauske | C47: =P47/$P$8 -> 0.0041044935 | D47: =29850/3 -> 9950 | E47: =D47 -> 9950 | F47: =E47 -> 9950 | G47: =F47 -> 9950 | H47: =G47 -> 9950 | I47: =H47 -> 9950 | J47: =I47 -> 9950 | K47: =J47 -> 9950 | L47: =K47 -> 9950 | ... O47: =N47 -> 9950 | P47: =SUM(D47:O47) -> 119400
A48: 6340 | B48: Strøm | C48: =P48/$P$8 -> 0.0011137821 | D48: =1800+900 -> 2700 | E48: =D48 -> 2700 | F48: =E48 -> 2700 | G48: =F48 -> 2700 | H48: =G48 -> 2700 | I48: =H48 -> 2700 | J48: =I48 -> 2700 | K48: =J48 -> 2700 | L48: =K48 -> 2700 | ... O48: =N48 -> 2700 | P48: =SUM(D48:O48) -> 32400
A49: 6360 | B49: Renhold | C49: =P49/$P$8 -> 0.00056307875 | D49: 1365 | E49: =D49 -> 1365 | F49: =E49 -> 1365 | G49: =F49 -> 1365 | H49: =G49 -> 1365 | I49: =H49 -> 1365 | J49: =I49 -> 1365 | K49: =J49 -> 1365 | L49: =K49 -> 1365 | ... O49: =N49 -> 1365 | P49: =SUM(D49:O49) -> 16380
A50: 6361 | B50: IT-drift | C50: =P50/$P$8 -> 0.00061876786 | D50: 1500 | E50: =D50 -> 1500 | F50: =E50 -> 1500 | G50: =F50 -> 1500 | H50: =G50 -> 1500 | I50: =H50 -> 1500 | J50: =I50 -> 1500 | K50: =J50 -> 1500 | L50: =K50 -> 1500 | ... O50: =N50 -> 1500 | P50: =SUM(D50:O50) -> 18000
A51: 6390 | B51: Andre kostnader lokaler | C51: =P51/$P$8 -> 0.0010312798 | D51: =4000 -> 4000 | E51: =D51 -> 4000 | F51: =E51 -> 4000 | G51: =F51 -> 4000 | H51: =G51 -> 4000 | I51: =H51 -> 4000 | J51: =1000 -> 1000 | K51: =J51 -> 1000 | L51: =K51 -> 1000 | M51: =L51 -> 1000 | N51: =M51 -> 1000 | O51: =N51 -> 1000 | P51: =SUM(D51:O51) -> 30000
B52: Sum kostnader lokaler | C52: =P52/$P$8 -> 0.019653965 | D52: =SUM(D46:D51) -> 49144.6 | E52: =SUM(E46:E51) -> 49144.6 | F52: =SUM(F46:F51) -> 49144.6 | G52: =SUM(G46:G51) -> 49144.6 | H52: =SUM(H46:H51) -> 49144.6 | I52: =SUM(I46:I51) -> 49144.6 | J52: =SUM(J46:J51) -> 46144.6 | K52: =SUM(K46:K51) -> 46144.6 | ... P52: =SUM(P46:P51) -> 571735.2
A54: LEIE MASKINER OG UTSTYR
A55: 6401 | B55: Brakke Byggesystemer | C55: =P55/$P$8 -> 0.0016628355 | D55: 4031 | E55: =D55 -> 4031 | F55: =E55 -> 4031 | G55: =F55 -> 4031 | H55: =G55 -> 4031 | I55: =H55 -> 4031 | J55: =I55 -> 4031 | K55: =J55 -> 4031 | L55: =K55 -> 4031 | ... O55: =N55 -> 4031 | P55: =SUM(D55:O55) -> 48372
A56: 6421 | B56: Leasing varebil YE98483 | C56: =P56/$P$8 -> 0.0008420743 | D56: =2967+95 -> 3062 | E56: =D56 -> 3062 | F56: =E56 -> 3062 | G56: =F56 -> 3062 | H56: =G56 -> 3062 | I56: =H56 -> 3062 | J56: =I56 -> 3062 | K56: =J56 -> 3062 | L56: 0 | M56: =L56 -> 0 | N56: =M56 -> 0 | O56: =N56 -> 0 | P56: =SUM(D56:O56) -> 24496
A57: 6422 | B57: Leasing varebil YE98231 | C57: =P57/$P$8 -> 0.0008420743 | D57: =2967+95 -> 3062 | E57: =D57 -> 3062 | F57: =E57 -> 3062 | G57: =F57 -> 3062 | H57: =G57 -> 3062 | I57: =H57 -> 3062 | J57: =I57 -> 3062 | K57: =J57 -> 3062 | L57: 0 | M57: =L57 -> 0 | N57: =M57 -> 0 | O57: =N57 -> 0 | P57: =SUM(D57:O57) -> 24496
A58: 6424 | B58: Leasing varebil YF10453 | C58: =P58/$P$8 -> 0.0015304192 | D58: =3615+95 -> 3710 | E58: =D58 -> 3710 | F58: =E58 -> 3710 | G58: =F58 -> 3710 | H58: =G58 -> 3710 | I58: =H58 -> 3710 | J58: =I58 -> 3710 | K58: =J58 -> 3710 | L58: =K58 -> 3710 | ... O58: =N58 -> 3710 | P58: =SUM(D58:O58) -> 44520
A59: 6425 | B59: Leasing YF10916 Ford Transit Courier | C59: =P59/$P$8 -> 0.0012230978 | D59: 2965 | E59: =D59 -> 2965 | F59: =E59 -> 2965 | G59: =F59 -> 2965 | H59: =G59 -> 2965 | I59: =H59 -> 2965 | J59: =I59 -> 2965 | K59: =J59 -> 2965 | L59: =K59 -> 2965 | ... O59: =N59 -> 2965 | P59: =SUM(D59:O59) -> 35580
A60: 6426 | B60: Leasing YF11564 Ford Transit Custom | C60: =P60/$P$8 -> 0.0019986202 | D60: 4845 | E60: =D60 -> 4845 | F60: =E60 -> 4845 | G60: =F60 -> 4845 | H60: =G60 -> 4845 | I60: =H60 -> 4845 | J60: =I60 -> 4845 | K60: =J60 -> 4845 | L60: =K60 -> 4845 | ... O60: =N60 -> 4845 | P60: =SUM(D60:O60) -> 58140
A61: 6427 | B61: Leasing YF14513 Ford Transit Connect | C61: =P61/$P$8 -> 0.0017882391 | D61: 4335 | E61: =D61 -> 4335 | F61: =E61 -> 4335 | G61: =F61 -> 4335 | H61: =G61 -> 4335 | I61: =H61 -> 4335 | J61: =I61 -> 4335 | K61: =J61 -> 4335 | L61: =K61 -> 4335 | ... O61: =N61 -> 4335 | P61: =SUM(D61:O61) -> 52020
A62: 6428 | B62: Leasing YF15076 Ford Transit | C62: =P62/$P$8 -> 0.0023933941 | D62: 5802 | E62: =D62 -> 5802 | F62: =E62 -> 5802 | G62: =F62 -> 5802 | H62: =G62 -> 5802 | I62: =H62 -> 5802 | J62: =I62 -> 5802 | K62: =J62 -> 5802 | L62: =K62 -> 5802 | ... O62: =N62 -> 5802 | P62: =SUM(D62:O62) -> 69624
A63: 6429 | B63: Leasing YF15429 Ford Transit | C63: =P63/$P$8 -> 0.0023612182 | D63: 5724 | E63: =D63 -> 5724 | F63: =E63 -> 5724 | G63: =F63 -> 5724 | H63: =G63 -> 5724 | I63: =H63 -> 5724 | J63: =I63 -> 5724 | K63: =J63 -> 5724 | L63: =K63 -> 5724 | ... O63: =N63 -> 5724 | P63: =SUM(D63:O63) -> 68688
B64: Leasing NY BIL | L64: 5800 | M64: =L64 -> 5800 | N64: =M64 -> 5800 | O64: =N64 -> 5800 | P64: =SUM(D64:O64) -> 23200
B65: Sum leie maskiner og utstyr | C65: =P65/$P$8 -> 0.014641973 | D65: =SUM(D55:D63) -> 37536 | E65: =SUM(E55:E63) -> 37536 | F65: =SUM(F55:F63) -> 37536 | G65: =SUM(G55:G63) -> 37536 | H65: =SUM(H55:H63) -> 37536 | I65: =SUM(I55:I63) -> 37536 | J65: =SUM(J55:J63) -> 37536 | K65: =SUM(K55:K63) -> 37536 | L65: =SUM(L55:L63) -> 31412 | M65: =SUM(M55:M64) -> 37212 | N65: =SUM(N55:N64) -> 37212 | O65: =SUM(O55:O64) -> 37212 | P65: =SUM(P55:P63) -> 425936
A67: KOSTNADSFØRTE ANSKAFFELSER
A68: 6510 | B68: Verktøy | C68: =P68/$P$8 -> 0.0041251191 | D68: 10000 | E68: =D68 -> 10000 | F68: =E68 -> 10000 | G68: =F68 -> 10000 | H68: =G68 -> 10000 | I68: =H68 -> 10000 | J68: =I68 -> 10000 | K68: =J68 -> 10000 | L68: =K68 -> 10000 | ... O68: =N68 -> 10000 | P68: =SUM(D68:O68) -> 120000
A69: 6540 | B69: Inventar | C69: =P69/$P$8 -> 0.00041251191 | D69: 1000 | E69: =D69 -> 1000 | F69: =E69 -> 1000 | G69: =F69 -> 1000 | H69: =G69 -> 1000 | I69: =H69 -> 1000 | J69: =I69 -> 1000 | K69: =J69 -> 1000 | L69: =K69 -> 1000 | ... O69: =N69 -> 1000 | P69: =SUM(D69:O69) -> 12000
A70: 6541 | B70: IT-utstyr og telefoner | C70: =P70/$P$8 -> 0.0014437917 | D70: 3500 | E70: =D70 -> 3500 | F70: =E70 -> 3500 | G70: =F70 -> 3500 | H70: =G70 -> 3500 | I70: =H70 -> 3500 | J70: =I70 -> 3500 | K70: =J70 -> 3500 | L70: =K70 -> 3500 | ... O70: =N70 -> 3500 | P70: =SUM(D70:O70) -> 42000
A71: 6553 | B71: Lisenser dataprogram | C71: =P71/$P$8 -> 0.0033000952 | D71: 8000 | E71: =D71 -> 8000 | F71: =E71 -> 8000 | G71: =F71 -> 8000 | H71: =G71 -> 8000 | I71: =H71 -> 8000 | J71: =I71 -> 8000 | K71: =J71 -> 8000 | L71: =K71 -> 8000 | ... O71: =N71 -> 8000 | P71: =SUM(D71:O71) -> 96000
A72: 6570 | B72: Arbeidsklær og verneutstyr | C72: =P72/$P$8 -> 0.0041251191 | D72: 10000 | E72: =D72 -> 10000 | F72: =E72 -> 10000 | G72: =F72 -> 10000 | H72: =G72 -> 10000 | I72: =H72 -> 10000 | J72: =I72 -> 10000 | K72: =J72 -> 10000 | L72: =K72 -> 10000 | ... O72: =N72 -> 10000 | P72: =SUM(D72:O72) -> 120000
B73: Sum kostnadsførte anskaffelser | C73: =P73/$P$8 -> 0.013406637 | D73: =SUM(D68:D72) -> 32500 | E73: =SUM(E68:E72) -> 32500 | F73: =SUM(F68:F72) -> 32500 | G73: =SUM(G68:G72) -> 32500 | H73: =SUM(H68:H72) -> 32500 | I73: =SUM(I68:I72) -> 32500 | J73: =SUM(J68:J72) -> 32500 | K73: =SUM(K68:K72) -> 32500 | ... P73: =SUM(P68:P72) -> 390000
A75: REPARASJONER OG VEDLIKEHOLD
A76: 6620 | B76: Reparasjoner og vedlikehold utstyr | C76: =P76/$P$8 -> 0.00082502381 | D76: 2000 | E76: =D76 -> 2000 | F76: =E76 -> 2000 | G76: =F76 -> 2000 | H76: =G76 -> 2000 | I76: =H76 -> 2000 | J76: =I76 -> 2000 | K76: =J76 -> 2000 | L76: =K76 -> 2000 | ... O76: =N76 -> 2000 | P76: =SUM(D76:O76) -> 24000
B77: Sum reparasjoner og vedlikehold | C77: =P77/$P$8 -> 0.00082502381 | D77: =SUM(D76) -> 2000 | E77: =SUM(E76) -> 2000 | F77: =SUM(F76) -> 2000 | G77: =SUM(G76) -> 2000 | H77: =SUM(H76) -> 2000 | I77: =SUM(I76) -> 2000 | J77: =SUM(J76) -> 2000 | K77: =SUM(K76) -> 2000 | ... P77: =SUM(P76) -> 24000
A79: EKSTERNE HONORARER
A80: 6701 | B80: Revisjonshonorar | C80: =P80/$P$8 -> 0.0016500476 | D80: 4000 | E80: =D80 -> 4000 | F80: =E80 -> 4000 | G80: =F80 -> 4000 | H80: =G80 -> 4000 | I80: =H80 -> 4000 | J80: =I80 -> 4000 | K80: =J80 -> 4000 | L80: =K80 -> 4000 | ... O80: =N80 -> 4000 | P80: =SUM(D80:O80) -> 48000
A81: 6705 | B81: Regnskapshonorar | C81: =P81/$P$8 -> 0.010312798 | D81: 25000 | E81: =D81 -> 25000 | F81: =E81 -> 25000 | G81: =F81 -> 25000 | H81: =G81 -> 25000 | I81: =H81 -> 25000 | J81: =I81 -> 25000 | K81: =J81 -> 25000 | L81: =K81 -> 25000 | ... O81: =N81 -> 25000 | P81: =SUM(D81:O81) -> 300000
A82: 6721 | B82: Konserntjenester | C82: =P82/$P$8 -> 0.020213083 | D82: 49000 | E82: =D82 -> 49000 | F82: =E82 -> 49000 | G82: =F82 -> 49000 | H82: =G82 -> 49000 | I82: =H82 -> 49000 | J82: =I82 -> 49000 | K82: =J82 -> 49000 | L82: =K82 -> 49000 | ... O82: =N82 -> 49000 | P82: =SUM(D82:O82) -> 588000
A83: 6725 | B83: Honorar juridisk bistand | C83: =P83/$P$8 -> 0.00041251191 | D83: 1000 | E83: =D83 -> 1000 | F83: =E83 -> 1000 | G83: =F83 -> 1000 | H83: =G83 -> 1000 | I83: =H83 -> 1000 | J83: =I83 -> 1000 | K83: =J83 -> 1000 | L83: =K83 -> 1000 | ... O83: =N83 -> 1000 | P83: =SUM(D83:O83) -> 12000
B84: Sum eksterne honorarer | C84: =P84/$P$8 -> 0.032588441 | D84: =SUM(D80:D83) -> 79000 | E84: =SUM(E80:E83) -> 79000 | F84: =SUM(F80:F83) -> 79000 | G84: =SUM(G80:G83) -> 79000 | H84: =SUM(H80:H83) -> 79000 | I84: =SUM(I80:I83) -> 79000 | J84: =SUM(J80:J83) -> 79000 | K84: =SUM(K80:K83) -> 79000 | ... P84: =SUM(P80:P83) -> 948000
A86: KONTORKOSTNADER
A87: 6800 | B87: Kontorrekvisita | C87: =P87/$P$8 -> 0.00041251191 | D87: 1000 | E87: =D87 -> 1000 | F87: =E87 -> 1000 | G87: =F87 -> 1000 | H87: =G87 -> 1000 | I87: =H87 -> 1000 | J87: =I87 -> 1000 | K87: =J87 -> 1000 | L87: =K87 -> 1000 | ... O87: =N87 -> 1000 | P87: =SUM(D87:O87) -> 12000
A88: 6840 | B88: Aviser og tidsskrifter | C88: =P88/$P$8 -> 0.00020625595 | D88: 500 | E88: =D88 -> 500 | F88: =E88 -> 500 | G88: =F88 -> 500 | H88: =G88 -> 500 | I88: =H88 -> 500 | J88: =I88 -> 500 | K88: =J88 -> 500 | L88: =K88 -> 500 | ... O88: =N88 -> 500 | P88: =SUM(D88:O88) -> 6000
A89: 6890 | B89: Annen kontorkostnad | C89: =P89/$P$8 -> 0.00041251191 | D89: 1000 | E89: =D89 -> 1000 | F89: =E89 -> 1000 | G89: =F89 -> 1000 | H89: =G89 -> 1000 | I89: =H89 -> 1000 | J89: =I89 -> 1000 | K89: =J89 -> 1000 | L89: =K89 -> 1000 | ... O89: =N89 -> 1000 | P89: =SUM(D89:O89) -> 12000
A90: 6900 | B90: IT-kostnader | C90: =P90/$P$8 -> 0.00041251191 | D90: 1000 | E90: =D90 -> 1000 | F90: =E90 -> 1000 | G90: =F90 -> 1000 | H90: =G90 -> 1000 | I90: =H90 -> 1000 | J90: =I90 -> 1000 | K90: =J90 -> 1000 | L90: =K90 -> 1000 | ... O90: =N90 -> 1000 | P90: =SUM(D90:O90) -> 12000
A91: 6903 | B91: Mobiltelefon (ab) | C91: =P91/$P$8 -> 0.0012375357 | D91: 3000 | E91: =D91 -> 3000 | F91: =E91 -> 3000 | G91: =F91 -> 3000 | H91: =G91 -> 3000 | I91: =H91 -> 3000 | J91: =I91 -> 3000 | K91: =J91 -> 3000 | L91: =K91 -> 3000 | ... O91: =N91 -> 3000 | P91: =SUM(D91:O91) -> 36000
B92: Sum kontorkostnader | C92: =P92/$P$8 -> 0.0026813274 | D92: =SUM(D87:D91) -> 6500 | E92: =SUM(E87:E91) -> 6500 | F92: =SUM(F87:F91) -> 6500 | G92: =SUM(G87:G91) -> 6500 | H92: =SUM(H87:H91) -> 6500 | I92: =SUM(I87:I91) -> 6500 | J92: =SUM(J87:J91) -> 6500 | K92: =SUM(K87:K91) -> 6500 | ... P92: =SUM(P87:P91) -> 78000
A94: BILKOSTNADER
A95: 7000 | B95: Drivstoff transportmidler | C95: =P95/$P$8 -> 0.0057751667 | D95: 14000 | E95: =D95 -> 14000 | F95: =E95 -> 14000 | G95: =F95 -> 14000 | H95: =G95 -> 14000 | I95: =H95 -> 14000 | J95: =I95 -> 14000 | K95: =J95 -> 14000 | L95: =K95 -> 14000 | ... O95: =N95 -> 14000 | P95: =SUM(D95:O95) -> 168000
A96: 7020 | B96: Vedlikehold transportmidler | C96: =P96/$P$8 -> 0.0053626548 | D96: 13000 | E96: =D96 -> 13000 | F96: =E96 -> 13000 | G96: =F96 -> 13000 | H96: =G96 -> 13000 | I96: =H96 -> 13000 | J96: =I96 -> 13000 | K96: =J96 -> 13000 | L96: =K96 -> 13000 | ... O96: =N96 -> 13000 | P96: =SUM(D96:O96) -> 156000
A97: 7040 | B97: Forsikring transportmidler - UTGÅR | C97: =P97/$P$8 -> 0 | E97: =D97 -> 0 | F97: =E97 -> 0 | G97: =F97 -> 0 | H97: =G97 -> 0 | I97: =H97 -> 0 | J97: =I97 -> 0 | K97: =J97 -> 0 | L97: =K97 -> 0 | ... O97: =N97 -> 0 | P97: =SUM(D97:O97) -> 0
A98: 7090 | B98: Annen kostnad transportmidler | C98: =P98/$P$8 -> 0.0061876786 | D98: 15000 | E98: =D98 -> 15000 | F98: =E98 -> 15000 | G98: =F98 -> 15000 | H98: =G98 -> 15000 | I98: =H98 -> 15000 | J98: =I98 -> 15000 | K98: =J98 -> 15000 | L98: =K98 -> 15000 | ... O98: =N98 -> 15000 | P98: =SUM(D98:O98) -> 180000
B99: Sum bilkostnader | C99: =P99/$P$8 -> 0.0173255 | D99: =SUM(D95:D98) -> 42000 | E99: =SUM(E95:E98) -> 42000 | F99: =SUM(F95:F98) -> 42000 | G99: =SUM(G95:G98) -> 42000 | H99: =SUM(H95:H98) -> 42000 | I99: =SUM(I95:I98) -> 42000 | J99: =SUM(J95:J98) -> 42000 | K99: =SUM(K95:K98) -> 42000 | ... P99: =SUM(P95:P98) -> 504000
A101: REISE, DIETT OG BILGODTGJØRELSE
A102: 7100 | B102: Bilgodtgjørelse oppgavepliktig | C102: =P102/$P$8 -> 0.0020625595 | D102: 5000 | E102: =D102 -> 5000 | F102: =E102 -> 5000 | G102: =F102 -> 5000 | H102: =G102 -> 5000 | I102: =H102 -> 5000 | J102: =I102 -> 5000 | K102: =J102 -> 5000 | L102: =K102 -> 5000 | ... O102: =N102 -> 5000 | P102: =SUM(D102:O102) -> 60000
A103: 7140 | B103: Reisekostnader, ikke innberetningspliktig | C103: =P103/$P$8 -> 0.0012375357 | D103: 3000 | E103: =D103 -> 3000 | F103: =E103 -> 3000 | G103: =F103 -> 3000 | H103: =G103 -> 3000 | I103: =H103 -> 3000 | J103: =I103 -> 3000 | K103: =J103 -> 3000 | L103: =K103 -> 3000 | ... O103: =N103 -> 3000 | P103: =SUM(D103:O103) -> 36000
A104: 7150 | B104: Reise/diett oppgavelpliktig | C104: =P104/$P$8 -> 0.00041251191 | D104: 1000 | E104: =D104 -> 1000 | F104: =E104 -> 1000 | G104: =F104 -> 1000 | H104: =G104 -> 1000 | I104: =H104 -> 1000 | J104: =I104 -> 1000 | K104: =J104 -> 1000 | L104: =K104 -> 1000 | ... O104: =N104 -> 1000 | P104: =SUM(D104:O104) -> 12000
A105: 7160 | B105: Diettkostnad, ikke oppgavepliktig | C105: =P105/$P$8 -> 0.00041251191 | D105: 1000 | E105: =D105 -> 1000 | F105: =E105 -> 1000 | G105: =F105 -> 1000 | H105: =G105 -> 1000 | I105: =H105 -> 1000 | J105: =I105 -> 1000 | K105: =J105 -> 1000 | L105: =K105 -> 1000 | ... O105: =N105 -> 1000 | P105: =SUM(D105:O105) -> 12000
B106: Sum reise, diett og bilgodtgjørelse | C106: =P106/$P$8 -> 0.0041251191 | D106: =SUM(D102:D105) -> 10000 | E106: =SUM(E102:E105) -> 10000 | F106: =SUM(F102:F105) -> 10000 | G106: =SUM(G102:G105) -> 10000 | H106: =SUM(H102:H105) -> 10000 | I106: =SUM(I102:I105) -> 10000 | J106: =SUM(J102:J105) -> 10000 | K106: =SUM(K102:K105) -> 10000 | ... P106: =SUM(P102:P105) -> 120000
A108: SALGS- OG REKLAMEKOSTNADER
A109: 7320 | B109: Reklame og annonser | C109: =P109/$P$8 -> 0.0014437917 | D109: 3500 | E109: =D109 -> 3500 | F109: =E109 -> 3500 | G109: =F109 -> 3500 | H109: =G109 -> 3500 | I109: =H109 -> 3500 | J109: =I109 -> 3500 | K109: =J109 -> 3500 | L109: =K109 -> 3500 | ... O109: =N109 -> 3500 | P109: =SUM(D109:O109) -> 42000
A110: 7323 | B110: Reklameartikler | C110: =P110/$P$8 -> 0.0012375357 | D110: 3000 | E110: =D110 -> 3000 | F110: =E110 -> 3000 | G110: =F110 -> 3000 | H110: =G110 -> 3000 | I110: =H110 -> 3000 | J110: =I110 -> 3000 | K110: =J110 -> 3000 | L110: =K110 -> 3000 | ... O110: =N110 -> 3000 | P110: =SUM(D110:O110) -> 36000
A111: 7390 | B111: Annen salgskostnad | C111: =P111/$P$8 -> 0.00041251191 | D111: 1000 | E111: =D111 -> 1000 | F111: =E111 -> 1000 | G111: =F111 -> 1000 | H111: =G111 -> 1000 | I111: =H111 -> 1000 | J111: =I111 -> 1000 | K111: =J111 -> 1000 | L111: =K111 -> 1000 | ... O111: =N111 -> 1000 | P111: =SUM(D111:O111) -> 12000
B112: Sum salgs- og reklamekostnader | C112: =P112/$P$8 -> 0.0030938393 | D112: =SUM(D109:D111) -> 7500 | E112: =SUM(E109:E111) -> 7500 | F112: =SUM(F109:F111) -> 7500 | G112: =SUM(G109:G111) -> 7500 | H112: =SUM(H109:H111) -> 7500 | I112: =SUM(I109:I111) -> 7500 | J112: =SUM(J109:J111) -> 7500 | K112: =SUM(K109:K111) -> 7500 | ... P112: =SUM(P109:P111) -> 90000
A114: GAVER OG KONTIGENTER
A115: 7400 | B115: Kontigenter, fradragsberettigede | C115: =P115/$P$8 -> 0.00061876786 | D115: 1500 | E115: =D115 -> 1500 | F115: =E115 -> 1500 | G115: =F115 -> 1500 | H115: =G115 -> 1500 | I115: =H115 -> 1500 | J115: =I115 -> 1500 | K115: =J115 -> 1500 | L115: =K115 -> 1500 | ... O115: =N115 -> 1500 | P115: =SUM(D115:O115) -> 18000
B116: Sum gaver og kontigenter | C116: =P116/$P$8 -> 0.00061876786 | D116: =SUM(D115:D115) -> 1500 | E116: =SUM(E115:E115) -> 1500 | F116: =SUM(F115:F115) -> 1500 | G116: =SUM(G115:G115) -> 1500 | H116: =SUM(H115:H115) -> 1500 | I116: =SUM(I115:I115) -> 1500 | J116: =SUM(J115:J115) -> 1500 | K116: =SUM(K115:K115) -> 1500 | ... P116: =SUM(P115:P115) -> 18000
A118: FORSIKRINGER
A119: 7500 | B119: Forsikringspremie | C119: =P119/$P$8 -> 0.0049501429 | D119: 12000 | E119: =D119 -> 12000 | F119: =E119 -> 12000 | G119: =F119 -> 12000 | H119: =G119 -> 12000 | I119: =H119 -> 12000 | J119: =I119 -> 12000 | K119: =J119 -> 12000 | L119: =K119 -> 12000 | ... O119: =N119 -> 12000 | P119: =SUM(D119:O119) -> 144000
A120: 7560 | B120: Kostnader Neso | C120: =P120/$P$8 -> 0.00049501429 | D120: 1200 | E120: =D120 -> 1200 | F120: =E120 -> 1200 | G120: =F120 -> 1200 | H120: =G120 -> 1200 | I120: =H120 -> 1200 | J120: =I120 -> 1200 | K120: =J120 -> 1200 | L120: =K120 -> 1200 | ... O120: =N120 -> 1200 | P120: =SUM(D120:O120) -> 14400
...

Sheet Fritzøe - budsj 2020
A1: RESULTATBUDSJETT - 2020 | C1: BYGGMESTER FRITZØE AS
A3: Konto | B3: Kontonavn | C3: % | D3: Jan | E3: Feb | F3: Mar | G3: Apr | H3: Mai | I3: Jun | J3: Jul | K3: Aug | L3: Sep | M3: Okt | N3: Nov | O3: Des | P3: Total
A4: INNTEKTER
A5: 3010 | B5: Inntekter byggearbeid | D5: ='Fritzøe - forutsetn'!G52+'Fritzøe - forutsetn'!G53 -> 3123136.6 | E5: ='Fritzøe - forutsetn'!H52+'Fritzøe - forutsetn'!H53 -> 3010695.3 | F5: ='Fritzøe - forutsetn'!I52+'Fritzøe - forutsetn'!I53 -> 3823939.1 | G5: ='Fritzøe - forutsetn'!J52+'Fritzøe - forutsetn'!J53 -> 2987343 | H5: ='Fritzøe - forutsetn'!K52+'Fritzøe - forutsetn'!K53 -> 3649380.7 | I5: ='Fritzøe - forutsetn'!L52+'Fritzøe - forutsetn'!L53 -> 4027162.5 | J5: ='Fritzøe - forutsetn'!M52+'Fritzøe - forutsetn'!M53 -> 1979107.4 | K5: ='Fritzøe - forutsetn'!N52+'Fritzøe - forutsetn'!N53 -> 3380478.9 | ... O5: ='Fritzøe - forutsetn'!R52+'Fritzøe - forutsetn'!R53 -> 2872916.7 | P5: =SUM(D5:O5) -> 41043244
A6: 3012 | B6: Inntekter UE | C6: =P6/$P$7 -> 0.080124176 | D6: =D26*1.1+D19*1.1 -> 110000 | E6: =E26*1.1+E19*1.1 -> 110000 | F6: =F26*1.1+F19*1.1 -> 275000 | G6: =G26*1.1+G19*1.1 -> 330000 | H6: =H26*1.1+H19*1.1 -> 550000 | I6: =I26*1.1+I19*1.1 -> 330000 | J6: =J26*1.1+J19*1.1 -> 220000 | K6: =K26*1.1+K19*1.1 -> 330000 | ... O6: =O26*1.1+O19*1.1 -> 330000 | P6: =SUM(D6:O6) -> 3575000
B7: Sum inntekter | C7: =P7/$P$7 -> 1 | D7: =SUM(D5:D6) -> 3233136.6 | E7: =SUM(E5:E6) -> 3120695.3 | F7: =SUM(F5:F6) -> 4098939.1 | G7: =SUM(G5:G6) -> 3317343 | H7: =SUM(H5:H6) -> 4199380.7 | I7: =SUM(I5:I6) -> 4357162.5 | J7: =SUM(J5:J6) -> 2199107.4 | K7: =SUM(K5:K6) -> 3710478.9 | ... P7: =SUM(P5:P6) -> 44618244 | IV7: =SUM(D7:IU7) -> 89236487
A9: VAREKOSTNADER
A10: 4300
A11: 4300 | B11: Varekjøp Byggevarer | C11: =P11/$P$7 -> 0.27661657 | D11: ='Fritzøe - forutsetn'!G53/1.18 -> 939160.82 | E11: ='Fritzøe - forutsetn'!H53/1.18 -> 905348.5 | F11: ='Fritzøe - forutsetn'!I53/1.18 -> 1149899.7 | G11: ='Fritzøe - forutsetn'!J53/1.18 -> 898326.21 | H11: ='Fritzøe - forutsetn'!K53/1.18 -> 1097408.1 | I11: ='Fritzøe - forutsetn'!L53/1.18 -> 1211011.1 | J11: ='Fritzøe - forutsetn'!M53/1.18 -> 595138.92 | K11: ='Fritzøe - forutsetn'!N53/1.18 -> 1016546.4 | ... O11: ='Fritzøe - forutsetn'!R53/1.18 -> 863917 | P11: =SUM(D11:O11) -> 12342145 | Q11: =P11/$P$7 -> 0.27661657
A12: 4350 | B12: Produksjonsavfall | C12: =P12/$P$7 -> 0.020171121 | D12: 75000 | E12: =D12 -> 75000 | F12: =E12 -> 75000 | G12: =F12 -> 75000 | H12: =G12 -> 75000 | I12: =H12 -> 75000 | J12: =I12 -> 75000 | K12: =J12 -> 75000 | L12: =K12 -> 75000 | ... O12: =N12 -> 75000 | P12: =SUM(D12:O12) -> 900000
A13: 4500 | B13: Innkjøpte tjenester - Bemanning | C13: =P13/$P$7 -> 0 | D13: ='Fritzøe - forutsetn'!G76 -> 0 | E13: ='Fritzøe - forutsetn'!H76 -> 0 | F13: ='Fritzøe - forutsetn'!I76 -> 0 | G13: ='Fritzøe - forutsetn'!J76 -> 0 | H13: ='Fritzøe - forutsetn'!K76 -> 0 | I13: ='Fritzøe - forutsetn'!L76 -> 0 | J13: ='Fritzøe - forutsetn'!M76 -> 0 | K13: ='Fritzøe - forutsetn'!N76 -> 0 | ... O13: ='Fritzøe - forutsetn'!R76 -> 0 | P13: =SUM(D13:O13) -> 0
A14: 4501 | B14: Innkjøpte tjenester - Arkitekt/prosjektering | C14: =P14/$P$7 -> 0.00056030892 | D14: 0 | E14: 0 | G14: =F14 -> 0 | H14: 5000 | I14: =H14 -> 5000 | J14: =I14 -> 5000 | K14: =J14 -> 5000 | L14: =K14 -> 5000 | P14: =SUM(D14:O14) -> 25000
A15: 4502 | B15: Innkjøpte tjenester - Grunnarbeid | C15: =P15/$P$7 -> 0 | D15: 0 | E15: 0 | F15: 0 | G15: =F15 -> 0 | H15: 0 | I15: 0 | J15: 0 | K15: 0 | L15: 0 | M15: 0 | N15: 0 | O15: 0 | P15: =SUM(D15:O15) -> 0
A16: 4503 | B16: Innkjøpte tjenester - Kjøkken | C16: =P16/$P$7 -> 0.0036980389 | D16: 0 | E16: =D16 -> 0 | F16: =E16 -> 0 | G16: =F16 -> 0 | H16: =G16 -> 0 | I16: =H16 -> 0 | J16: =I16 -> 0 | K16: =J16 -> 0 | L16: 0 | M16: 55000 | N16: =M16 -> 55000 | O16: =N16 -> 55000 | P16: =SUM(D16:O16) -> 165000
A17: 4504 | B17: Innkjøpte tjenester - VVS | C17: =P17/$P$7 -> 0.0058272128 | D17: 0 | E17: =D17 -> 0 | F17: =E17 -> 0 | G17: =F17 -> 0 | I17: 60000 | K17: =J17 -> 0 | M17: 0 | N17: 100000 | O17: =N17 -> 100000 | P17: =SUM(D17:O17) -> 260000
A18: 4506 | B18: Innkjøpte tjenester - EL | C18: =P18/$P$7 -> 0.012999167 | D18: 20000 | E18: =D18 -> 20000 | F18: =E18 -> 20000 | G18: =F18 -> 20000 | H18: 200000 | I18: 60000 | J18: 20000 | K18: =J18 -> 20000 | L18: =K18 -> 20000 | M18: =L18 -> 20000 | N18: 80000 | O18: =N18 -> 80000 | P18: =SUM(D18:O18) -> 580000
A19: 4507 | B19: Innkjøpte tjenester - MAL | C19: =P19/$P$7 -> 0.049307185 | D19: 50000 | E19: =D19 -> 50000 | F19: 200000 | G19: =F19 -> 200000 | H19: =G19+200000 -> 400000 | I19: =G19 -> 200000 | J19: 100000 | K19: =I19 -> 200000 | L19: =K19 -> 200000 | M19: =L19 -> 200000 | N19: =M19 -> 200000 | O19: =N19 -> 200000 | P19: =SUM(D19:O19) -> 2200000
A20: 4508 | B20: Innkjøpte tjenester - Betong | C20: =P20/$P$7 -> 0 | E20: ='Fritzøe - forutsetn'!H83 -> 0 | F20: ='Fritzøe - forutsetn'!I83 -> 0 | G20: ='Fritzøe - forutsetn'!J83 -> 0 | J20: 0 | K20: =J20 -> 0 | L20: =K20 -> 0 | M20: =L20 -> 0 | N20: =M20 -> 0 | O20: =N20 -> 0 | P20: =SUM(D20:O20) -> 0
A21: 4510 | B21: Innkjøpte tjenester - Glass | C21: =P21/$P$7 -> 0 | D21: 0 | E21: =D21 -> 0 | F21: =E21 -> 0 | G21: =F21 -> 0 | H21: =G21 -> 0 | I21: =H21 -> 0 | J21: =I21 -> 0 | K21: =J21 -> 0 | L21: =K21 -> 0 | ... O21: =N21 -> 0 | P21: =SUM(D21:O21) -> 0
A22: 4511 | B22: Innkjøpte tjenester - Trapper | C22: =P22/$P$7 -> 0.0062754599 | D22: 0 | E22: =D22 -> 0 | F22: =E22 -> 0 | G22: =F22 -> 0 | H22: 100000 | J22: =I22 -> 0 | K22: =J22 -> 0 | L22: 60000 | M22: =L22 -> 60000 | N22: =M22 -> 60000 | O22: 0 | P22: =SUM(D22:O22) -> 280000
A23: 4512 | B23: Innkjøpte tjenester - Tak og tekking | C23: =P23/$P$7 -> 0.0060513364 | D23: 10000 | E23: =D23 -> 10000 | F23: =E23 -> 10000 | G23: =F23 -> 10000 | H23: =G23 -> 10000 | I23: =H23 -> 10000 | J23: =I23 -> 10000 | K23: 40000 | L23: =K23 -> 40000 | M23: =L23 -> 40000 | N23: =M23 -> 40000 | O23: =N23 -> 40000 | P23: =SUM(D23:O23) -> 270000
A24: 4513 | B24: Innkjøpte tjenester - Transport og kraning | C24: =P24/$P$7 -> 0.0040342242 | D24: 15000 | E24: =D24 -> 15000 | F24: =E24 -> 15000 | G24: =F24 -> 15000 | H24: =G24 -> 15000 | I24: =H24 -> 15000 | J24: =I24 -> 15000 | K24: =J24 -> 15000 | L24: =K24 -> 15000 | ... O24: =N24 -> 15000 | P24: =SUM(D24:O24) -> 180000
A25: 4514 | B25: Innkjøpte tjenester - Flisarbeider | C25: =P25/$P$7 -> 0.010085561 | D25: 0 | E25: =D25 -> 0 | F25: =E25 -> 0 | G25: 120000 | H25: =G25 -> 120000 | I25: 0 | J25: =I25 -> 0 | K25: =J25 -> 0 | L25: =K25 -> 0 | M25: 70000 | N25: =M25 -> 70000 | O25: =N25 -> 70000 | P25: =SUM(D25:O25) -> 450000
A26: 4515 | B26: Innkjøpte tjenester - FB | C26: =P26/$P$7 -> 0.023532975 | D26: 50000 | E26: =D26 -> 50000 | F26: 50000 | G26: 100000 | H26: =G26 -> 100000 | I26: =H26 -> 100000 | J26: =I26 -> 100000 | K26: 100000 | L26: =K26 -> 100000 | M26: =L26 -> 100000 | N26: =M26 -> 100000 | O26: =N26 -> 100000 | P26: =SUM(D26:O26) -> 1050000
A27: 4505 | B27: Leie stillas/utstyr/container | C27: =P27/$P$7 -> 0.020171121 | D27: 75000 | E27: =D27 -> 75000 | F27: =E27 -> 75000 | G27: =F27 -> 75000 | H27: =G27 -> 75000 | I27: =H27 -> 75000 | J27: =I27 -> 75000 | K27: =J27 -> 75000 | L27: =K27 -> 75000 | ... O27: =N27 -> 75000 | P27: =SUM(D27:O27) -> 900000
A28: 4509 | B28: Byggestrøm | C28: =P28/$P$7 -> 0.0048410691 | D28: 18000 | E28: =D28 -> 18000 | F28: =E28 -> 18000 | G28: =F28 -> 18000 | H28: =G28 -> 18000 | I28: =H28 -> 18000 | J28: =I28 -> 18000 | K28: =J28 -> 18000 | L28: =K28 -> 18000 | ... O28: =N28 -> 18000 | P28: =SUM(D28:O28) -> 216000
B29: Sum varekostnader | C29: =P29/$P$7 -> 0.44417135 | D29: =SUM(D10:D28) -> 1252160.8 | E29: =SUM(E10:E28) -> 1218348.5 | F29: =SUM(F10:F28) -> 1612899.7 | G29: =SUM(G10:G28) -> 1531326.2 | H29: =SUM(H10:H28) -> 2215408.1 | I29: =SUM(I10:I28) -> 1829011.1 | J29: =SUM(J10:J28) -> 1013138.9 | K29: =SUM(K10:K28) -> 1564546.4 | ... P29: =SUM(P10:P28) -> 19818145 | Q29: =P29/$P$7 -> 0.44417135
A31: DEKNINGSGRAD 1 | C31: =P31/$P$7 -> 0.55582865 | D31: =D7-D29 -> 1980975.8 | E31: =E7-E29 -> 1902346.8 | F31: =F7-F29 -> 2486039.4 | G31: =G7-G29 -> 1786016.8 | H31: =H7-H29 -> 1983972.6 | I31: =I7-I29 -> 2528151.4 | J31: =J7-J29 -> 1185968.5 | K31: =K7-K29 -> 2145932.5 | ... O31: =O7-O29 -> 1510999.7 | P31: =SUM(D31:O31) -> 24800098
A33: LØNNSKOSTNADER
A34: 5000 | B34: Lønn til ansatte | C34: =P34/$P$7 -> 0.32935997 | D34: ='Fritzøe - forutsetn'!G45+'Fritzøe - forutsetn'!G46 -> 1258808.5 | E34: ='Fritzøe - forutsetn'!H45+'Fritzøe - forutsetn'!H46 -> 1148522.3 | F34: ='Fritzøe - forutsetn'!I45+'Fritzøe - forutsetn'!I46 -> 1317823 | G34: ='Fritzøe - forutsetn'!J45+'Fritzøe - forutsetn'!J46 -> 1222192.5 | H34: ='Fritzøe - forutsetn'!K45+'Fritzøe - forutsetn'!K46 -> 1386417 | I34: ='Fritzøe - forutsetn'!L45+'Fritzøe - forutsetn'!L46 -> 1336047.1 | J34: ='Fritzøe - forutsetn'!M45+'Fritzøe - forutsetn'!M46 -> 692284.79 | K34: ='Fritzøe - forutsetn'!N45+'Fritzøe - forutsetn'!N46 -> 1076014.1 | ... O34: ='Fritzøe - forutsetn'!R45+'Fritzøe - forutsetn'!R46 -> 1149840.1 | P34: =SUM(D34:O34) -> 14695463
A35: 5001 | B35: Overtid | C35: =P35/$P$7 -> 0.0019761598 | D35: =D34*0.6% -> 7552.8513 | E35: =E34*0.6% -> 6891.1338 | F35: =F34*0.6% -> 7906.9382 | G35: =G34*0.6% -> 7333.1547 | H35: =H34*0.6% -> 8318.5022 | I35: =I34*0.6% -> 8016.2824 | J35: =J34*0.6% -> 4153.7087 | K35: =K34*0.6% -> 6456.0844 | ... O35: =O34*0.6% -> 6899.0408 | P35: =SUM(D35:O35) -> 88172.78
A36: 5011 | B36: Gangtid 7,5 - 15 km | C36: =P36/$P$7 -> 0.0056479139 | D36: 21000 | E36: =D36 -> 21000 | F36: =E36 -> 21000 | G36: =F36 -> 21000 | H36: =G36 -> 21000 | I36: =H36 -> 21000 | J36: =I36 -> 21000 | K36: =J36 -> 21000 | L36: =K36 -> 21000 | ... O36: =N36 -> 21000 | P36: =SUM(D36:O36) -> 252000
A37: 5092 | B37: Feriepenger | C37: =P37/$P$7 -> 0.040438085 | D37: =SUM(D34:D36)*12/100 -> 154483.37 | E37: =SUM(E34:E36)*12/100 -> 141169.61 | F37: =SUM(F34:F36)*12/100 -> 161607.6 | G37: =SUM(G34:G36)*12/100 -> 150063.07 | H37: =SUM(H34:H36)*12/100 -> 169888.27 | I37: =SUM(I34:I36)*12/100 -> 163807.6 | J37: =SUM(J34:J36)*12/100 -> 86092.62 | K37: =SUM(K34:K36)*12/100 -> 132416.42 | ... O37: =SUM(O34:O36)*12/100 -> 141328.7 | P37: =SUM(D37:O37) -> 1804276.3
A38: 5110 | B38: Sykepenger | C38: =P38/$P$7 -> 0 | P38: =SUM(D38:O38) -> 0
A39: 5200 | B39: Fri bil | C39: =P39/$P$7 -> 0.0021515863 | D39: 8000 | E39: =D39 -> 8000 | F39: =E39 -> 8000 | G39: =F39 -> 8000 | H39: =G39 -> 8000 | I39: =H39 -> 8000 | J39: =I39 -> 8000 | K39: =J39 -> 8000 | L39: =K39 -> 8000 | ... O39: =N39 -> 8000 | P39: =SUM(D39:O39) -> 96000
A40: 5330 | B40: Styrehonorar | C40: =P40/$P$7 -> 0 | P40: =SUM(D40:O40) -> 0
A41: 5400 | B41: Arbeidsgiveravgift | C41: =P41/$P$7 -> 0.026621739 | D41: =SUM(D34:D36)*7.9% -> 101701.55 | E41: =SUM(E34:E36)*7.9% -> 92936.662 | F41: =SUM(F34:F36)*7.9% -> 106391.67 | G41: =SUM(G34:G36)*7.9% -> 98791.523 | H41: =SUM(H34:H36)*7.9% -> 111843.11 | I41: =SUM(I34:I36)*7.9% -> 107840 | J41: =SUM(J34:J36)*7.9% -> 56677.641 | K41: =SUM(K34:K36)*7.9% -> 87174.142 | ... O41: =SUM(O34:O36)*7.9% -> 93041.394 | P41: =SUM(D41:O41) -> 1187815.2
A42: 5405 | B42: Arbeidsgiveravgift påløpne feriepenger | C42: =P42/$P$7 -> 0.0031946087 | D42: =SUM(D37*7.9%) -> 12204.186 | E42: =SUM(E37*7.9%) -> 11152.399 | F42: =SUM(F37*7.9%) -> 12767 | G42: =SUM(G37*7.9%) -> 11854.983 | H42: =SUM(H37*7.9%) -> 13421.173 | I42: =SUM(I37*7.9%) -> 12940.801 | J42: =SUM(J37*7.9%) -> 6801.317 | K42: =SUM(K37*7.9%) -> 10460.897 | ... O42: =SUM(O37*7.9%) -> 11164.967 | P42: =SUM(D42:O42) -> 142537.83
A43: 5700 | B43: Lærlingetilskudd | C43: =P43/$P$7 -> -0.0010757931 | D43: -8000 | E43: =D43 -> -8000 | F43: =E43 -> -8000 | G43: =F43 -> -8000 | H43: =G43 -> -8000 | I43: =H43 -> -8000 | P43: =SUM(D43:O43) -> -48000
B44: Sum lønnskostnader | C44: =P44/$P$7 -> 0.40831427 | D44: =SUM(D34:D43) -> 1555750.5 | E44: =SUM(E34:E43) -> 1421672.1 | F44: =SUM(F34:F43) -> 1627496.2 | G44: =SUM(G34:G43) -> 1511235.2 | H44: =SUM(H34:H43) -> 1710888.1 | I44: =SUM(I34:I43) -> 1649651.8 | J44: =SUM(J34:J43) -> 875010.08 | K44: =SUM(K34:K43) -> 1341521.6 | ... P44: =SUM(P34:P43) -> 18218265
A46: ANDRE PERSONALKOSTNADER
A47: 5920 | B47: Yrkesskadeforsikring | C47: =P47/$P$7 -> 0.0010757931 | D47: 4000 | E47: =D47 -> 4000 | F47: =E47 -> 4000 | G47: =F47 -> 4000 | H47: =G47 -> 4000 | I47: =H47 -> 4000 | J47: =I47 -> 4000 | K47: =J47 -> 4000 | L47: =K47 -> 4000 | ... O47: =N47 -> 4000 | P47: =SUM(D47:O47) -> 48000
A48: 5945 | B48: Innskuddsbasert tjenestepensjon | C48: =P48/$P$7 -> 0.009880799 | D48: =D34*3/100 -> 37764.256 | E48: =E34*3/100 -> 34455.669 | F48: =F34*3/100 -> 39534.691 | G48: =G34*3/100 -> 36665.774 | H48: =H34*3/100 -> 41592.511 | I48: =I34*3/100 -> 40081.412 | J48: =J34*3/100 -> 20768.544 | K48: =K34*3/100 -> 32280.422 | ... O48: =O34*3/100 -> 34495.204 | P48: =SUM(D48:O48) -> 440863.9
A49: 5950 | B49: Kurskostnad | C49: =P49/$P$7 -> 0.0016136897 | D49: 6000 | E49: =D49 -> 6000 | F49: =E49 -> 6000 | G49: =F49 -> 6000 | H49: =G49 -> 6000 | I49: =H49 -> 6000 | J49: =I49 -> 6000 | K49: =J49 -> 6000 | L49: =K49 -> 6000 | ... O49: =N49 -> 6000 | P49: =SUM(D49:O49) -> 72000
A50: 5960 | B50: Bedriftshelsetjeneste | C50: =P50/$P$7 -> 0.00067237071 | D50: 2500 | E50: =D50 -> 2500 | F50: =E50 -> 2500 | G50: =F50 -> 2500 | H50: =G50 -> 2500 | I50: =H50 -> 2500 | J50: =I50 -> 2500 | K50: =J50 -> 2500 | L50: =K50 -> 2500 | ... O50: =N50 -> 2500 | P50: =SUM(D50:O50) -> 30000
A51: 5990 | B51: Andre sosiale kostnader | C51: =P51/$P$7 -> 0.0016136897 | D51: 6000 | E51: =D51 -> 6000 | F51: =E51 -> 6000 | G51: =F51 -> 6000 | H51: =G51 -> 6000 | I51: =H51 -> 6000 | J51: =I51 -> 6000 | K51: =J51 -> 6000 | L51: =K51 -> 6000 | ... O51: =N51 -> 6000 | P51: =SUM(D51:O51) -> 72000
B52: Sum andre personalkostnader | C52: =P52/$P$7 -> 0.014856342 | D52: =SUM(D47:D51) -> 56264.256 | E52: =SUM(E47:E51) -> 52955.669 | F52: =SUM(F47:F51) -> 58034.691 | G52: =SUM(G47:G51) -> 55165.774 | H52: =SUM(H47:H51) -> 60092.511 | I52: =SUM(I47:I51) -> 58581.412 | J52: =SUM(J47:J51) -> 39268.544 | K52: =SUM(K47:K51) -> 50780.422 | ... P52: =SUM(P47:P51) -> 662863.9
B54: SUM LØNNS- OG PERSONALKOSTNADER | D54: =D44+D52 -> 1612014.8 | E54: =E44+E52 -> 1474627.8 | F54: =F44+F52 -> 1685530.9 | G54: =G44+G52 -> 1566401 | H54: =H44+H52 -> 1770980.6 | I54: =I44+I52 -> 1708233.2 | J54: =J44+J52 -> 914278.62 | K54: =K44+K52 -> 1392302 | ... P54: =P44+P52 -> 18881129 | Q54: =P54/$P$7 -> 0.42317061
A56: DEKNINGSGRAD 2 | C56: =P56/$P$7 -> 0.13265804 | D56: =D31-D54 -> 368961.03 | E56: =E31-E54 -> 427718.99 | F56: =F31-F54 -> 800508.51 | G56: =G31-G54 -> 219615.81 | H56: =H31-H54 -> 212992 | I56: =I31-I54 -> 819918.2 | J56: =J31-J54 -> 271689.89 | K56: =K31-K54 -> 753630.49 | ... P56: =P31-P54 -> 5918968.8 | Q56: =P56/$P$7 -> 0.13265804
A58: AVSKRIVNINGER
A59: 6000 | B59: Avskrivning maskiner mv | C59: =P59/$P$7 -> 0.0053789657 | D59: 20000 | E59: =D59 -> 20000 | F59: =E59 -> 20000 | G59: =F59 -> 20000 | H59: =G59 -> 20000 | I59: =H59 -> 20000 | J59: =I59 -> 20000 | K59: =J59 -> 20000 | L59: =K59 -> 20000 | ... O59: =N59 -> 20000 | P59: =SUM(D59:O59) -> 240000
B60: Sum avskrivninger | C60: =P60/$P$7 -> 0.0053789657 | D60: =SUM(D59:D59) -> 20000 | E60: =SUM(E59:E59) -> 20000 | F60: =SUM(F59:F59) -> 20000 | G60: =SUM(G59:G59) -> 20000 | H60: =SUM(H59:H59) -> 20000 | I60: =SUM(I59:I59) -> 20000 | J60: =SUM(J59:J59) -> 20000 | K60: =SUM(K59:K59) -> 20000 | ... P60: =SUM(P59:P59) -> 240000
A62: KOSTNADER LOKALER
A63: 6300 | B63: Leie lokaler | C63: =P63/$P$7 -> 0.0045535634 | D63: =16931 -> 16931 | E63: =D63 -> 16931 | F63: =E63 -> 16931 | G63: =F63 -> 16931 | H63: =G63 -> 16931 | I63: =H63 -> 16931 | J63: =I63 -> 16931 | K63: =J63 -> 16931 | L63: =K63 -> 16931 | ... O63: =N63 -> 16931 | P63: =SUM(D63:O63) -> 203172
A64: 6301 | B64: Leie lokaler (bolig) | C64: =P64/$P$7 -> 0.00067237071 | D64: =1500+2500 -> 4000 | E64: =1500+2500 -> 4000 | F64: =1500+2500 -> 4000 | G64: =1500+2500 -> 4000 | H64: =1500+2500 -> 4000 | I64: =1500+2500 -> 4000 | J64: 1000 | K64: =J64 -> 1000 | L64: =K64 -> 1000 | M64: =L64 -> 1000 | N64: =M64 -> 1000 | O64: =N64 -> 1000 | P64: =SUM(D64:O64) -> 30000
A65: 6302 | B65: Leie lager | C65: =P65/$P$7 -> 0.0016809268 | D65: =75000/12 -> 6250 | E65: =D65 -> 6250 | F65: =E65 -> 6250 | G65: =F65 -> 6250 | H65: =G65 -> 6250 | I65: =H65 -> 6250 | J65: =I65 -> 6250 | K65: =J65 -> 6250 | L65: =K65 -> 6250 | ... O65: =N65 -> 6250 | P65: =SUM(D65:O65) -> 75000
A66: 6340 | B66: Strøm | C66: =P66/$P$7 -> 0.00048410691 | D66: 1800 | E66: =D66 -> 1800 | F66: =E66 -> 1800 | G66: =F66 -> 1800 | H66: =G66 -> 1800 | I66: =H66 -> 1800 | J66: =I66 -> 1800 | K66: =J66 -> 1800 | L66: =K66 -> 1800 | ... O66: =N66 -> 1800 | P66: =SUM(D66:O66) -> 21600
A67: 6360 | B67: Renhold | C67: =P67/$P$7 -> 0.00040342242 | D67: 1500 | E67: =D67 -> 1500 | F67: =E67 -> 1500 | G67: =F67 -> 1500 | H67: =G67 -> 1500 | I67: =H67 -> 1500 | J67: =I67 -> 1500 | K67: =J67 -> 1500 | L67: =K67 -> 1500 | ... O67: =N67 -> 1500 | P67: =SUM(D67:O67) -> 18000
B68: IT-drift | D68: 1500 | E68: =D68 -> 1500 | F68: =E68 -> 1500 | G68: =F68 -> 1500 | H68: =G68 -> 1500 | I68: =H68 -> 1500 | J68: =I68 -> 1500 | K68: =J68 -> 1500 | L68: =K68 -> 1500 | ... O68: =N68 -> 1500 | P68: =SUM(D68:O68) -> 18000
A69: 6390 | B69: Annen kostnad lokaler | C69: =P69/$P$7 -> 0.00067237071 | D69: 2500 | E69: =D69 -> 2500 | F69: =E69 -> 2500 | G69: =F69 -> 2500 | H69: =G69 -> 2500 | I69: =H69 -> 2500 | J69: =I69 -> 2500 | K69: =J69 -> 2500 | L69: =K69 -> 2500 | ... O69: =N69 -> 2500 | P69: =SUM(D69:O69) -> 30000
B70: Sum kostnader lokaler | C70: =P70/$P$7 -> 0.0088701833 | D70: =SUM(D63:D69) -> 34481 | E70: =SUM(E63:E69) -> 34481 | F70: =SUM(F63:F69) -> 34481 | G70: =SUM(G63:G69) -> 34481 | H70: =SUM(H63:H69) -> 34481 | I70: =SUM(I63:I69) -> 34481 | J70: =SUM(J63:J69) -> 31481 | K70: =SUM(K63:K69) -> 31481 | ... P70: =SUM(P63:P69) -> 395772
A72: LEIE MASKINER OG UTSTYR
A73: 6415 | B73: Leasing Hardangerstillas | C73: =P73/$P$7 -> 0.0017952298 | D73: 6675 | E73: =D73 -> 6675 | F73: =E73 -> 6675 | G73: =F73 -> 6675 | H73: =G73 -> 6675 | I73: =H73 -> 6675 | J73: =I73 -> 6675 | K73: =J73 -> 6675 | L73: =K73 -> 6675 | ... O73: =N73 -> 6675 | P73: =SUM(D73:O73) -> 80100
A74: 6418 | B74: Leasing Stillaspakke 2 | C74: =P74/$P$7 -> 0.0020076989 | D74: 7465 | E74: =D74 -> 7465 | F74: =E74 -> 7465 | G74: =F74 -> 7465 | H74: =G74 -> 7465 | I74: =H74 -> 7465 | J74: =I74 -> 7465 | K74: =J74 -> 7465 | L74: =K74 -> 7465 | ... O74: =N74 -> 7465 | P74: =SUM(D74:O74) -> 89580
A75: 6419 | B75: Leasing Hilti veggsag m utstyr | C75: =P75/$P$7 -> 0.0012121499 | D75: 4507 | E75: =D75 -> 4507 | F75: =E75 -> 4507 | G75: =F75 -> 4507 | H75: =G75 -> 4507 | I75: =H75 -> 4507 | J75: =I75 -> 4507 | K75: =J75 -> 4507 | L75: =K75 -> 4507 | ... O75: =N75 -> 4507 | P75: =SUM(D75:O75) -> 54084
A76: 6449 | B76: Leasing Ford Transit Custom YE98782 | C76: =P76/$P$7 -> 0.0011610497 | D76: 4317 | E76: =D76 -> 4317 | F76: =E76 -> 4317 | G76: =F76 -> 4317 | H76: =G76 -> 4317 | I76: =H76 -> 4317 | J76: =I76 -> 4317 | K76: =J76 -> 4317 | L76: =K76 -> 4317 | ... O76: =N76 -> 4317 | P76: =SUM(D76:O76) -> 51804
A77: 6450 | B77: Leasing Ford Transit Custom YE98781 | C77: =P77/$P$7 -> 0.0011610497 | D77: 4317 | E77: =D77 -> 4317 | F77: =E77 -> 4317 | G77: =F77 -> 4317 | H77: =G77 -> 4317 | I77: =H77 -> 4317 | J77: =I77 -> 4317 | K77: =J77 -> 4317 | L77: =K77 -> 4317 | ... O77: =N77 -> 4317 | P77: =SUM(D77:O77) -> 51804
A78: 6451 | B78: Leasing DP65715 - Ford Transit (betong) | C78: =P78/$P$7 -> 0.00082459544 | D78: 3066 | E78: =D78 -> 3066 | F78: =E78 -> 3066 | G78: =F78 -> 3066 | H78: =G78 -> 3066 | I78: =H78 -> 3066 | J78: =I78 -> 3066 | K78: =J78 -> 3066 | L78: =K78 -> 3066 | ... O78: =N78 -> 3066 | P78: =SUM(D78:O78) -> 36792
B79: Sum leie maskiner og utstyr | C79: =P79/$P$7 -> 0.0081617736 | D79: =SUM(D73:D78) -> 30347 | E79: =SUM(E73:E78) -> 30347 | F79: =SUM(F73:F78) -> 30347 | G79: =SUM(G73:G78) -> 30347 | H79: =SUM(H73:H78) -> 30347 | I79: =SUM(I73:I78) -> 30347 | J79: =SUM(J73:J78) -> 30347 | K79: =SUM(K73:K78) -> 30347 | ... P79: =SUM(P73:P78) -> 364164
A81: KOSTNADSFØRTE ANSKAFFELSER
A82: 6510 | B82: Verktøy | C82: =P82/$P$7 -> 0.0053789657 | D82: 20000 | E82: =D82 -> 20000 | F82: =E82 -> 20000 | G82: =F82 -> 20000 | H82: =G82 -> 20000 | I82: =H82 -> 20000 | J82: =I82 -> 20000 | K82: =J82 -> 20000 | L82: =K82 -> 20000 | ... O82: =N82 -> 20000 | P82: =SUM(D82:O82) -> 240000
A83: 6540 | B83: Inventar/utstyr ikke akt. pliktig | C83: =P83/$P$7 -> 0.00026894828 | D83: 1000 | E83: =D83 -> 1000 | F83: =E83 -> 1000 | G83: =F83 -> 1000 | H83: =G83 -> 1000 | I83: =H83 -> 1000 | J83: =I83 -> 1000 | K83: =J83 -> 1000 | L83: =K83 -> 1000 | ... O83: =N83 -> 1000 | P83: =SUM(D83:O83) -> 12000
A84: 6541 | B84: IT-utstyr og telefoner | C84: =P84/$P$7 -> 0.00080684485 | D84: 3000 | E84: =D84 -> 3000 | F84: =E84 -> 3000 | G84: =F84 -> 3000 | H84: =G84 -> 3000 | I84: =H84 -> 3000 | J84: =I84 -> 3000 | K84: =J84 -> 3000 | L84: =K84 -> 3000 | ... O84: =N84 -> 3000 | P84: =SUM(D84:O84) -> 36000
A85: 6553 | B85: Lisenser dataprogram | C85: =P85/$P$7 -> 0.0032273794 | D85: 12000 | E85: =D85 -> 12000 | F85: =E85 -> 12000 | G85: =F85 -> 12000 | H85: =G85 -> 12000 | I85: =H85 -> 12000 | J85: =I85 -> 12000 | K85: =J85 -> 12000 | L85: =K85 -> 12000 | ... O85: =N85 -> 12000 | P85: =SUM(D85:O85) -> 144000
A86: 6570 | B86: Arbeidsklær og verneutstyr | C86: =P86/$P$7 -> 0.0043031725 | D86: 16000 | E86: =D86 -> 16000 | F86: =E86 -> 16000 | G86: =F86 -> 16000 | H86: =G86 -> 16000 | I86: =H86 -> 16000 | J86: =I86 -> 16000 | K86: =J86 -> 16000 | L86: =K86 -> 16000 | ... O86: =N86 -> 16000 | P86: =SUM(D86:O86) -> 192000
A87: 6590 | B87: Andre driftskostnader | C87: =P87/$P$7 -> 0.00026894828 | D87: 1000 | E87: =D87 -> 1000 | F87: =E87 -> 1000 | G87: =F87 -> 1000 | H87: =G87 -> 1000 | I87: =H87 -> 1000 | J87: =I87 -> 1000 | K87: =J87 -> 1000 | L87: =K87 -> 1000 | ... O87: =N87 -> 1000 | P87: =SUM(D87:O87) -> 12000
B88: Sum kostnadsførte anskaffelser | C88: =P88/$P$7 -> 0.014254259 | D88: =SUM(D82:D87) -> 53000 | E88: =SUM(E82:E87) -> 53000 | F88: =SUM(F82:F87) -> 53000 | G88: =SUM(G82:G87) -> 53000 | H88: =SUM(H82:H87) -> 53000 | I88: =SUM(I82:I87) -> 53000 | J88: =SUM(J82:J87) -> 53000 | K88: =SUM(K82:K87) -> 53000 | ... P88: =SUM(P82:P87) -> 636000
A90: REPARASJONER OG VEDLIKEHOLD
A91: 6620 | B91: Reparasjoner og vedlikehold utstyr | C91: =P91/$P$7 -> 0.00067237071 | D91: 2500 | E91: =D91 -> 2500 | F91: =E91 -> 2500 | G91: =F91 -> 2500 | H91: =G91 -> 2500 | I91: =H91 -> 2500 | J91: =I91 -> 2500 | K91: =J91 -> 2500 | L91: =K91 -> 2500 | ... O91: =N91 -> 2500 | P91: =SUM(D91:O91) -> 30000
B92: Sum reparasjoner og vedlikehold | C92: =P92/$P$7 -> 0.00067237071 | D92: =SUM(D91) -> 2500 | E92: =SUM(E91) -> 2500 | F92: =SUM(F91) -> 2500 | G92: =SUM(G91) -> 2500 | H92: =SUM(H91) -> 2500 | I92: =SUM(I91) -> 2500 | J92: =SUM(J91) -> 2500 | K92: =SUM(K91) -> 2500 | ... P92: =SUM(P91) -> 30000
A94: EKSTERNE HONORARER
A95: 6700 | B95: Revisjonshonorar | C95: =P95/$P$7 -> 0.0012102673 | D95: 4500 | E95: =D95 -> 4500 | F95: =E95 -> 4500 | G95: =F95 -> 4500 | H95: =G95 -> 4500 | I95: =H95 -> 4500 | J95: =I95 -> 4500 | K95: =J95 -> 4500 | L95: =K95 -> 4500 | ... O95: =N95 -> 4500 | P95: =SUM(D95:O95) -> 54000
A96: 6705 | B96: Regnskapshonorar | C96: =P96/$P$7 -> 0.0053789657 | D96: 20000 | E96: =D96 -> 20000 | F96: =E96 -> 20000 | G96: =F96 -> 20000 | H96: =G96 -> 20000 | I96: =H96 -> 20000 | J96: =I96 -> 20000 | K96: =J96 -> 20000 | L96: =K96 -> 20000 | ... O96: =N96 -> 20000 | P96: =SUM(D96:O96) -> 240000
A97: 6721 | B97: Konserntjenester | C97: =P97/$P$7 -> 0.023936397 | D97: =73000+16000 -> 89000 | E97: =D97 -> 89000 | F97: =E97 -> 89000 | G97: =F97 -> 89000 | H97: =G97 -> 89000 | I97: =H97 -> 89000 | J97: =I97 -> 89000 | K97: =J97 -> 89000 | L97: =K97 -> 89000 | ... O97: =N97 -> 89000 | P97: =SUM(D97:O97) -> 1068000
A98: 6725 | B98: Honorar juridisk bistand | C98: =P98/$P$7 -> 0.00026894828 | D98: 1000 | E98: =D98 -> 1000 | F98: =E98 -> 1000 | G98: =F98 -> 1000 | H98: =G98 -> 1000 | I98: =H98 -> 1000 | J98: =I98 -> 1000 | K98: =J98 -> 1000 | L98: =K98 -> 1000 | ... O98: =N98 -> 1000 | P98: =SUM(D98:O98) -> 12000
B99: Sum eksterne honorarer | C99: =P99/$P$7 -> 0.030794578 | D99: =SUM(D95:D98) -> 114500 | E99: =SUM(E95:E98) -> 114500 | F99: =SUM(F95:F98) -> 114500 | G99: =SUM(G95:G98) -> 114500 | H99: =SUM(H95:H98) -> 114500 | I99: =SUM(I95:I98) -> 114500 | J99: =SUM(J95:J98) -> 114500 | K99: =SUM(K95:K98) -> 114500 | ... P99: =SUM(P95:P98) -> 1374000
A101: KONTORKOSTNADER
A102: 6800 | B102: Kontorrekvisita | C102: =P102/$P$7 -> 0.00026894828 | D102: 1000 | E102: =D102 -> 1000 | F102: =E102 -> 1000 | G102: =F102 -> 1000 | H102: =G102 -> 1000 | I102: =H102 -> 1000 | J102: =I102 -> 1000 | K102: =J102 -> 1000 | L102: =K102 -> 1000 | ... O102: =N102 -> 1000 | P102: =SUM(D102:O102) -> 12000
A103: 6890 | B103: Annen kontorkostnad | C103: =P103/$P$7 -> 0.00026894828 | D103: 1000 | E103: =D103 -> 1000 | F103: =E103 -> 1000 | G103: =F103 -> 1000 | H103: =G103 -> 1000 | I103: =H103 -> 1000 | J103: =I103 -> 1000 | K103: =J103 -> 1000 | L103: =K103 -> 1000 | ... O103: =N103 -> 1000 | P103: =SUM(D103:O103) -> 12000
A104: 6900 | B104: IT-kostnader | C104: =P104/$P$7 -> 0.00026894828 | D104: 1000 | E104: =D104 -> 1000 | F104: =E104 -> 1000 | G104: =F104 -> 1000 | H104: =G104 -> 1000 | I104: =H104 -> 1000 | J104: =I104 -> 1000 | K104: =J104 -> 1000 | L104: =K104 -> 1000 | ... O104: =N104 -> 1000 | P104: =SUM(D104:O104) -> 12000
A105: 6903 | B105: Mobiltelefon (ab) | C105: =P105/$P$7 -> 0.00067237071 | D105: 2500 | E105: =D105 -> 2500 | F105: =E105 -> 2500 | G105: =F105 -> 2500 | H105: =G105 -> 2500 | I105: =H105 -> 2500 | J105: =I105 -> 2500 | K105: =J105 -> 2500 | L105: =K105 -> 2500 | ... O105: =N105 -> 2500 | P105: =SUM(D105:O105) -> 30000
A106: 6940 | B106: Porto | C106: =P106/$P$7 -> 0 | D106: 0 | E106: =D106 -> 0 | F106: =E106 -> 0 | G106: =F106 -> 0 | H106: =G106 -> 0 | I106: =H106 -> 0 | J106: =I106 -> 0 | K106: =J106 -> 0 | L106: =K106 -> 0 | ... O106: =N106 -> 0 | P106: =SUM(D106:O106) -> 0
B107: Sum kontorkostnader | C107: =P107/$P$7 -> 0.0014792156 | D107: =SUM(D102:D106) -> 5500 | E107: =SUM(E102:E106) -> 5500 | F107: =SUM(F102:F106) -> 5500 | G107: =SUM(G102:G106) -> 5500 | H107: =SUM(H102:H106) -> 5500 | I107: =SUM(I102:I106) -> 5500 | J107: =SUM(J102:J106) -> 5500 | K107: =SUM(K102:K106) -> 5500 | ... P107: =SUM(P102:P106) -> 66000
A109: BILKOSTNADER
A110: 7000 | B110: Drivstoff transportmidler | C110: =P110/$P$7 -> 0.0021515863 | D110: 8000 | E110: =D110 -> 8000 | F110: =E110 -> 8000 | G110: =F110 -> 8000 | H110: =G110 -> 8000 | I110: =H110 -> 8000 | J110: =I110 -> 8000 | K110: =J110 -> 8000 | L110: =K110 -> 8000 | ... O110: =N110 -> 8000 | P110: =SUM(D110:O110) -> 96000
A111: 7020 | B111: Vedlikehold transportmidler | C111: =P111/$P$7 -> 0.0021515863 | D111: 8000 | E111: =D111 -> 8000 | F111: =E111 -> 8000 | G111: =F111 -> 8000 | H111: =G111 -> 8000 | I111: =H111 -> 8000 | J111: =I111 -> 8000 | K111: =J111 -> 8000 | L111: =K111 -> 8000 | ... O111: =N111 -> 8000 | P111: =SUM(D111:O111) -> 96000
A112: 7040 | B112: Forsikring transportmidler | C112: =P112/$P$7 -> 0 | P112: =SUM(D112:O112) -> 0
A113: 7090 | B113: Annen kostnad transportmidler | C113: =P113/$P$7 -> 0.001882638 | D113: 7000 | E113: =D113 -> 7000 | F113: =E113 -> 7000 | G113: =F113 -> 7000 | H113: =G113 -> 7000 | I113: =H113 -> 7000 | J113: =I113 -> 7000 | K113: =J113 -> 7000 | L113: =K113 -> 7000 | ... O113: =N113 -> 7000 | P113: =SUM(D113:O113) -> 84000
B114: Sum bilkostnader | C114: =P114/$P$7 -> 0.0061858105 | D114: =SUM(D110:D113) -> 23000 | E114: =SUM(E110:E113) -> 23000 | F114: =SUM(F110:F113) -> 23000 | G114: =SUM(G110:G113) -> 23000 | H114: =SUM(H110:H113) -> 23000 | I114: =SUM(I110:I113) -> 23000 | J114: =SUM(J110:J113) -> 23000 | K114: =SUM(K110:K113) -> 23000 | ... P114: =SUM(P110:P113) -> 276000
A116: REISE, DIETT OG BILGODTGJØRELSE
...

Sheet KONSERN - Budsjett 2019
A1: RESULTATBUDSJETT - 2020 | C1: AREAL BYGGSERVICE, BYGGMESTER FRITZØE OG BLIKKPROFFEN
A2: Administrasjonens forslag - ikke styrebehandlet
A3: Konto | B3: Kontonavn | C3: % | D3: Jan | E3: Feb | F3: Mar | G3: Apr | H3: Mai | I3: Jun | J3: Jul | K3: Aug | L3: Sep | M3: Okt | N3: Nov | O3: Des | P3: Total
A4: INNTEKTER
B5: Areal Byggservice | C5: =P5/$P$7 -> 0.3946647 | D5: ='Areal - Budsjett 2020'!D8 -> 2493629.7 | E5: ='Areal - Budsjett 2020'!E8 -> 2570730.9 | F5: ='Areal - Budsjett 2020'!F8 -> 2687432.3 | G5: ='Areal - Budsjett 2020'!G8 -> 2103925 | H5: ='Areal - Budsjett 2020'!H8 -> 2618622.9 | I5: ='Areal - Budsjett 2020'!I8 -> 2618622.9 | J5: ='Areal - Budsjett 2020'!J8 -> 1435064.7 | K5: ='Areal - Budsjett 2020'!K8 -> 2329308.7 | ... O5: ='Areal - Budsjett 2020'!O8 -> 2137384.8 | P5: =SUM(D5:O5) -> 29090069
B6: Byggmester Fritzøe | C6: =P6/$P$7 -> 0.6053353 | D6: ='Fritzøe - budsj 2020'!D7 -> 3233136.6 | E6: ='Fritzøe - budsj 2020'!E7 -> 3120695.3 | F6: ='Fritzøe - budsj 2020'!F7 -> 4098939.1 | G6: ='Fritzøe - budsj 2020'!G7 -> 3317343 | H6: ='Fritzøe - budsj 2020'!H7 -> 4199380.7 | I6: ='Fritzøe - budsj 2020'!I7 -> 4357162.5 | J6: ='Fritzøe - budsj 2020'!J7 -> 2199107.4 | K6: ='Fritzøe - budsj 2020'!K7 -> 3710478.9 | ... O6: ='Fritzøe - budsj 2020'!O7 -> 3202916.7 | P6: =SUM(D6:O6) -> 44618244
B7: Sum inntekter | C7: =P7/$P$7 -> 1 | D7: =SUM(D5:D6) -> 5726766.3 | E7: =SUM(E5:E6) -> 5691426.1 | F7: =SUM(F5:F6) -> 6786371.5 | G7: =SUM(G5:G6) -> 5421268 | H7: =SUM(H5:H6) -> 6818003.6 | I7: =SUM(I5:I6) -> 6975785.4 | J7: =SUM(J5:J6) -> 3634172.1 | K7: =SUM(K5:K6) -> 6039787.6 | ... P7: =SUM(P5:P6) -> 73708313 | IV7: =SUM(D7:IU7) -> 1.4741663e+08
A9: VAREKOSTNADER
B10: Areal Byggservice | C10: =P10/P5 -> 0.28610292 | D10: ='Areal - Budsjett 2020'!D17 -> 682334.61 | E10: ='Areal - Budsjett 2020'!E17 -> 729332.43 | F10: ='Areal - Budsjett 2020'!F17 -> 756486.79 | G10: ='Areal - Budsjett 2020'!G17 -> 620715 | H10: ='Areal - Budsjett 2020'!H17 -> 731592.06 | I10: ='Areal - Budsjett 2020'!I17 -> 731592.06 | J10: ='Areal - Budsjett 2020'!J17 -> 469880.99 | K10: ='Areal - Budsjett 2020'!K17 -> 667618.25 | ... O10: ='Areal - Budsjett 2020'!O17 -> 637647.1 | P10: =SUM(D10:O10) -> 8322753.7
B11: Byggmester Fritzøe | C11: =P11/P6 -> 0.44417135 | D11: ='Fritzøe - budsj 2020'!D29 -> 1252160.8 | E11: ='Fritzøe - budsj 2020'!E29 -> 1218348.5 | F11: ='Fritzøe - budsj 2020'!F29 -> 1612899.7 | G11: ='Fritzøe - budsj 2020'!G29 -> 1531326.2 | H11: ='Fritzøe - budsj 2020'!H29 -> 2215408.1 | I11: ='Fritzøe - budsj 2020'!I29 -> 1829011.1 | J11: ='Fritzøe - budsj 2020'!J29 -> 1013138.9 | K11: ='Fritzøe - budsj 2020'!K29 -> 1564546.4 | ... O11: ='Fritzøe - budsj 2020'!O29 -> 1691917 | P11: =SUM(D11:O11) -> 19818145
B12: Sum varekostnader | C12: =P12/P7 -> 0.38178732 | D12: =SUM(D10:D11) -> 1934495.4 | E12: =SUM(E10:E11) -> 1947680.9 | F12: =SUM(F10:F11) -> 2369386.5 | G12: =SUM(G10:G11) -> 2152041.2 | H12: =SUM(H10:H11) -> 2947000.1 | I12: =SUM(I10:I11) -> 2560603.2 | J12: =SUM(J10:J11) -> 1483019.9 | K12: =SUM(K10:K11) -> 2232164.7 | ... P12: =SUM(P10:P11) -> 28140899
A14: DEKNINGSGRAD 1 | C14: =P14/$P$7 -> 0.61821268 | D14: =D7-D12 -> 3792270.9 | E14: =E7-E12 -> 3743745.2 | F14: =F7-F12 -> 4416985 | G14: =G7-G12 -> 3269226.8 | H14: =H7-H12 -> 3871003.5 | I14: =I7-I12 -> 4415182.2 | J14: =J7-J12 -> 2151152.2 | K14: =K7-K12 -> 3807623 | ... O14: =O7-O12 -> 3010737.4 | P14: =SUM(D14:O14) -> 45567414
A16: LØNN OG PERSONALKOSTNADER
B17: Areal Byggservice | C17: =P17/$P$5 -> 0.52279768 | D17: ='Areal - Budsjett 2020'!D37 -> 1243386.2 | E17: ='Areal - Budsjett 2020'!E37 -> 1238277.1 | F17: ='Areal - Budsjett 2020'!F37 -> 1358904.8 | G17: ='Areal - Budsjett 2020'!G37 -> 1277759.9 | H17: ='Areal - Budsjett 2020'!H37 -> 1462293.2 | I17: ='Areal - Budsjett 2020'!I37 -> 1394164.7 | J17: ='Areal - Budsjett 2020'!J37 -> 713071.72 | K17: ='Areal - Budsjett 2020'!K37 -> 1121714.8 | ... O17: ='Areal - Budsjett 2020'!O37 -> 1241681.6 | P17: =SUM(D17:O17) -> 15208221
B18: Byggmester Fritzøe | C18: =P18/$P$6 -> 0.42317061 | D18: ='Fritzøe - budsj 2020'!D54 -> 1612014.8 | E18: ='Fritzøe - budsj 2020'!E54 -> 1474627.8 | F18: ='Fritzøe - budsj 2020'!F54 -> 1685530.9 | G18: ='Fritzøe - budsj 2020'!G54 -> 1566401 | H18: ='Fritzøe - budsj 2020'!H54 -> 1770980.6 | I18: ='Fritzøe - budsj 2020'!I54 -> 1708233.2 | J18: ='Fritzøe - budsj 2020'!J54 -> 914278.62 | K18: ='Fritzøe - budsj 2020'!K54 -> 1392302 | ... O18: ='Fritzøe - budsj 2020'!O54 -> 1484269.4 | P18: =SUM(D18:O18) -> 18881129
B19: Sum lønn og personalkostnader | C19: =P19/$P$7 -> 0.4624899 | D19: =SUM(D17:D18) -> 2855401 | E19: =SUM(E17:E18) -> 2712904.9 | F19: =SUM(F17:F18) -> 3044435.7 | G19: =SUM(G17:G18) -> 2844160.8 | H19: =SUM(H17:H18) -> 3233273.8 | I19: =SUM(I17:I18) -> 3102397.9 | J19: =SUM(J17:J18) -> 1627350.3 | K19: =SUM(K17:K18) -> 2514016.8 | ... P19: =SUM(P17:P18) -> 34089350
A21: AVSKRIVNINGER
B22: Areal Byggservice | C22: =P22/$P$5 -> 0.0072189584 | D22: ='Areal - Budsjett 2020'!D43 -> 17500 | E22: ='Areal - Budsjett 2020'!E43 -> 17500 | F22: ='Areal - Budsjett 2020'!F43 -> 17500 | G22: ='Areal - Budsjett 2020'!G43 -> 17500 | H22: ='Areal - Budsjett 2020'!H43 -> 17500 | I22: ='Areal - Budsjett 2020'!I43 -> 17500 | J22: ='Areal - Budsjett 2020'!J43 -> 17500 | K22: ='Areal - Budsjett 2020'!K43 -> 17500 | ... O22: ='Areal - Budsjett 2020'!O43 -> 17500 | P22: =SUM(D22:O22) -> 210000
B23: Byggmester Fritzøe | C23: =P23/$P$6 -> 0.0053789657 | D23: ='Fritzøe - budsj 2020'!D60 -> 20000 | E23: ='Fritzøe - budsj 2020'!E60 -> 20000 | F23: ='Fritzøe - budsj 2020'!F60 -> 20000 | G23: ='Fritzøe - budsj 2020'!G60 -> 20000 | H23: ='Fritzøe - budsj 2020'!H60 -> 20000 | I23: ='Fritzøe - budsj 2020'!I60 -> 20000 | J23: ='Fritzøe - budsj 2020'!J60 -> 20000 | K23: ='Fritzøe - budsj 2020'!K60 -> 20000 | ... O23: ='Fritzøe - budsj 2020'!O60 -> 20000 | P23: =SUM(D23:O23) -> 240000
B24: Sum avskrivninger | C24: =P24/$P$7 -> 0.0061051458 | D24: =SUM(D22:D23) -> 37500 | E24: =SUM(E22:E23) -> 37500 | F24: =SUM(F22:F23) -> 37500 | G24: =SUM(G22:G23) -> 37500 | H24: =SUM(H22:H23) -> 37500 | I24: =SUM(I22:I23) -> 37500 | J24: =SUM(J22:J23) -> 37500 | K24: =SUM(K22:K23) -> 37500 | ... P24: =SUM(P22:P23) -> 450000
A26: KOSTNADER LOKALER
B27: Areal Byggservice | C27: =P27/$P$5 -> 0.019653965 | D27: ='Areal - Budsjett 2020'!D52 -> 49144.6 | E27: ='Areal - Budsjett 2020'!E52 -> 49144.6 | F27: ='Areal - Budsjett 2020'!F52 -> 49144.6 | G27: ='Areal - Budsjett 2020'!G52 -> 49144.6 | H27: ='Areal - Budsjett 2020'!H52 -> 49144.6 | I27: ='Areal - Budsjett 2020'!I52 -> 49144.6 | J27: ='Areal - Budsjett 2020'!J52 -> 46144.6 | K27: ='Areal - Budsjett 2020'!K52 -> 46144.6 | ... O27: ='Areal - Budsjett 2020'!O52 -> 46144.6 | P27: =SUM(D27:O27) -> 571735.2
B28: Byggmester Fritzøe | C28: =P28/$P$6 -> 0.0088701833 | D28: ='Fritzøe - budsj 2020'!D70 -> 34481 | E28: ='Fritzøe - budsj 2020'!E70 -> 34481 | F28: ='Fritzøe - budsj 2020'!F70 -> 34481 | G28: ='Fritzøe - budsj 2020'!G70 -> 34481 | H28: ='Fritzøe - budsj 2020'!H70 -> 34481 | I28: ='Fritzøe - budsj 2020'!I70 -> 34481 | J28: ='Fritzøe - budsj 2020'!J70 -> 31481 | K28: ='Fritzøe - budsj 2020'!K70 -> 31481 | ... O28: ='Fritzøe - budsj 2020'!O70 -> 31481 | P28: =SUM(D28:O28) -> 395772
B29: Sum kostnader lokaler | C29: =P29/$P$7 -> 0.013126161 | D29: =SUM(D27:D28) -> 83625.6 | E29: =SUM(E27:E28) -> 83625.6 | F29: =SUM(F27:F28) -> 83625.6 | G29: =SUM(G27:G28) -> 83625.6 | H29: =SUM(H27:H28) -> 83625.6 | I29: =SUM(I27:I28) -> 83625.6 | J29: =SUM(J27:J28) -> 77625.6 | K29: =SUM(K27:K28) -> 77625.6 | ... P29: =SUM(P27:P28) -> 967507.2
A31: LEIE MASKINER OG UTSTYR
B32: Areal Byggservice | C32: =P32/$P$5 -> 0.015240115 | D32: ='Areal - Budsjett 2020'!D65 -> 37536 | E32: ='Areal - Budsjett 2020'!E65 -> 37536 | F32: ='Areal - Budsjett 2020'!F65 -> 37536 | G32: ='Areal - Budsjett 2020'!G65 -> 37536 | H32: ='Areal - Budsjett 2020'!H65 -> 37536 | I32: ='Areal - Budsjett 2020'!I65 -> 37536 | J32: ='Areal - Budsjett 2020'!J65 -> 37536 | K32: ='Areal - Budsjett 2020'!K65 -> 37536 | ... O32: ='Areal - Budsjett 2020'!O65 -> 37212 | P32: =SUM(D32:O32) -> 443336
B33: Byggmester Fritzøe | C33: =P33/$P$6 -> 0.0081617736 | D33: ='Fritzøe - budsj 2020'!D79 -> 30347 | E33: ='Fritzøe - budsj 2020'!E79 -> 30347 | F33: ='Fritzøe - budsj 2020'!F79 -> 30347 | G33: ='Fritzøe - budsj 2020'!G79 -> 30347 | H33: ='Fritzøe - budsj 2020'!H79 -> 30347 | I33: ='Fritzøe - budsj 2020'!I79 -> 30347 | J33: ='Fritzøe - budsj 2020'!J79 -> 30347 | K33: ='Fritzøe - budsj 2020'!K79 -> 30347 | ... O33: ='Fritzøe - budsj 2020'!O79 -> 30347 | P33: =SUM(D33:O33) -> 364164
B34: Sum leie maskiner og utstyr | C34: =P34/$P$7 -> 0.010955345 | D34: =SUM(D32:D33) -> 67883 | E34: =SUM(E32:E33) -> 67883 | F34: =SUM(F32:F33) -> 67883 | G34: =SUM(G32:G33) -> 67883 | H34: =SUM(H32:H33) -> 67883 | I34: =SUM(I32:I33) -> 67883 | J34: =SUM(J32:J33) -> 67883 | K34: =SUM(K32:K33) -> 67883 | ... P34: =SUM(P32:P33) -> 807500
A36: KOSTNADSFØRTE ANSKAFFELSER
B37: Areal Byggservice | C37: =P37/$P$5 -> 0.013406637 | D37: ='Areal - Budsjett 2020'!D73 -> 32500 | E37: ='Areal - Budsjett 2020'!E73 -> 32500 | F37: ='Areal - Budsjett 2020'!F73 -> 32500 | G37: ='Areal - Budsjett 2020'!G73 -> 32500 | H37: ='Areal - Budsjett 2020'!H73 -> 32500 | I37: ='Areal - Budsjett 2020'!I73 -> 32500 | J37: ='Areal - Budsjett 2020'!J73 -> 32500 | K37: ='Areal - Budsjett 2020'!K73 -> 32500 | ... O37: ='Areal - Budsjett 2020'!O73 -> 32500 | P37: =SUM(D37:O37) -> 390000
B38: Byggmester Fritzøe | C38: =P38/$P$6 -> 0.014254259 | D38: ='Fritzøe - budsj 2020'!D88 -> 53000 | E38: ='Fritzøe - budsj 2020'!E88 -> 53000 | F38: ='Fritzøe - budsj 2020'!F88 -> 53000 | G38: ='Fritzøe - budsj 2020'!G88 -> 53000 | H38: ='Fritzøe - budsj 2020'!H88 -> 53000 | I38: ='Fritzøe - budsj 2020'!I88 -> 53000 | J38: ='Fritzøe - budsj 2020'!J88 -> 53000 | K38: ='Fritzøe - budsj 2020'!K88 -> 53000 | ... O38: ='Fritzøe - budsj 2020'!O88 -> 53000 | P38: =SUM(D38:O38) -> 636000
B39: Sum kostnadsførte anskaffelser | C39: =P39/$P$7 -> 0.013919733 | D39: =SUM(D37:D38) -> 85500 | E39: =SUM(E37:E38) -> 85500 | F39: =SUM(F37:F38) -> 85500 | G39: =SUM(G37:G38) -> 85500 | H39: =SUM(H37:H38) -> 85500 | I39: =SUM(I37:I38) -> 85500 | J39: =SUM(J37:J38) -> 85500 | K39: =SUM(K37:K38) -> 85500 | ... P39: =SUM(P37:P38) -> 1026000
A41: REPARASJONER OG VEDLIKEHOLD
B42: Areal Byggservice | C42: =P42/$P$5 -> 0.00082502381 | D42: ='Areal - Budsjett 2020'!D77 -> 2000 | E42: ='Areal - Budsjett 2020'!E77 -> 2000 | F42: ='Areal - Budsjett 2020'!F77 -> 2000 | G42: ='Areal - Budsjett 2020'!G77 -> 2000 | H42: ='Areal - Budsjett 2020'!H77 -> 2000 | I42: ='Areal - Budsjett 2020'!I77 -> 2000 | J42: ='Areal - Budsjett 2020'!J77 -> 2000 | K42: ='Areal - Budsjett 2020'!K77 -> 2000 | ... O42: ='Areal - Budsjett 2020'!O77 -> 2000 | P42: =SUM(D42:O42) -> 24000
B43: Byggmester Fritzøe | C43: =P43/$P$6 -> 0.00067237071 | D43: ='Fritzøe - budsj 2020'!D92 -> 2500 | E43: ='Fritzøe - budsj 2020'!E92 -> 2500 | F43: ='Fritzøe - budsj 2020'!F92 -> 2500 | G43: ='Fritzøe - budsj 2020'!G92 -> 2500 | H43: ='Fritzøe - budsj 2020'!H92 -> 2500 | I43: ='Fritzøe - budsj 2020'!I92 -> 2500 | J43: ='Fritzøe - budsj 2020'!J92 -> 2500 | K43: ='Fritzøe - budsj 2020'!K92 -> 2500 | ... O43: ='Fritzøe - budsj 2020'!O92 -> 2500 | P43: =SUM(D43:O43) -> 30000
B44: Sum reparasjoner og vedlikehold | C44: =P44/$P$7 -> 0.0007326175 | D44: =SUM(D42:D43) -> 4500 | E44: =SUM(E42:E43) -> 4500 | F44: =SUM(F42:F43) -> 4500 | G44: =SUM(G42:G43) -> 4500 | H44: =SUM(H42:H43) -> 4500 | I44: =SUM(I42:I43) -> 4500 | J44: =SUM(J42:J43) -> 4500 | K44: =SUM(K42:K43) -> 4500 | ... P44: =SUM(P42:P43) -> 54000
A46: EKSTERNE HONORARER / KONSERN
B47: Areal Byggservice | C47: =P47/$P$5 -> 0.032588441 | D47: ='Areal - Budsjett 2020'!D84 -> 79000 | E47: ='Areal - Budsjett 2020'!E84 -> 79000 | F47: ='Areal - Budsjett 2020'!F84 -> 79000 | G47: ='Areal - Budsjett 2020'!G84 -> 79000 | H47: ='Areal - Budsjett 2020'!H84 -> 79000 | I47: ='Areal - Budsjett 2020'!I84 -> 79000 | J47: ='Areal - Budsjett 2020'!J84 -> 79000 | K47: ='Areal - Budsjett 2020'!K84 -> 79000 | ... O47: ='Areal - Budsjett 2020'!O84 -> 79000 | P47: =SUM(D47:O47) -> 948000
B48: Byggmester Fritzøe | C48: =P48/$P$6 -> 0.030794578 | D48: ='Fritzøe - budsj 2020'!D99 -> 114500 | E48: ='Fritzøe - budsj 2020'!E99 -> 114500 | F48: ='Fritzøe - budsj 2020'!F99 -> 114500 | G48: ='Fritzøe - budsj 2020'!G99 -> 114500 | H48: ='Fritzøe - budsj 2020'!H99 -> 114500 | I48: ='Fritzøe - budsj 2020'!I99 -> 114500 | J48: ='Fritzøe - budsj 2020'!J99 -> 114500 | K48: ='Fritzøe - budsj 2020'!K99 -> 114500 | ... O48: ='Fritzøe - budsj 2020'!O99 -> 114500 | P48: =SUM(D48:O48) -> 1374000
B49: Sum eksterne honorarer | C49: =P49/$P$7 -> 0.031502553 | D49: =SUM(D47:D48) -> 193500 | E49: =SUM(E47:E48) -> 193500 | F49: =SUM(F47:F48) -> 193500 | G49: =SUM(G47:G48) -> 193500 | H49: =SUM(H47:H48) -> 193500 | I49: =SUM(I47:I48) -> 193500 | J49: =SUM(J47:J48) -> 193500 | K49: =SUM(K47:K48) -> 193500 | ... P49: =SUM(P47:P48) -> 2322000
A51: KONTORKOSTNADER
B52: Areal Byggservice | C52: =P52/$P$5 -> 0.0026813274 | D52: ='Areal - Budsjett 2020'!D92 -> 6500 | E52: ='Areal - Budsjett 2020'!E92 -> 6500 | F52: ='Areal - Budsjett 2020'!F92 -> 6500 | G52: ='Areal - Budsjett 2020'!G92 -> 6500 | H52: ='Areal - Budsjett 2020'!H92 -> 6500 | I52: ='Areal - Budsjett 2020'!I92 -> 6500 | J52: ='Areal - Budsjett 2020'!J92 -> 6500 | K52: ='Areal - Budsjett 2020'!K92 -> 6500 | ... O52: ='Areal - Budsjett 2020'!O92 -> 6500 | P52: =SUM(D52:O52) -> 78000
B53: Byggmester Fritzøe | C53: =P53/$P$6 -> 0.0014792156 | D53: ='Fritzøe - budsj 2020'!D107 -> 5500 | E53: ='Fritzøe - budsj 2020'!E107 -> 5500 | F53: ='Fritzøe - budsj 2020'!F107 -> 5500 | G53: ='Fritzøe - budsj 2020'!G107 -> 5500 | H53: ='Fritzøe - budsj 2020'!H107 -> 5500 | I53: ='Fritzøe - budsj 2020'!I107 -> 5500 | J53: ='Fritzøe - budsj 2020'!J107 -> 5500 | K53: ='Fritzøe - budsj 2020'!K107 -> 5500 | ... O53: ='Fritzøe - budsj 2020'!O107 -> 5500 | P53: =SUM(D53:O53) -> 66000
B54: Sum kontorkostnader | C54: =P54/$P$7 -> 0.0019536467 | D54: =SUM(D52:D53) -> 12000 | E54: =SUM(E52:E53) -> 12000 | F54: =SUM(F52:F53) -> 12000 | G54: =SUM(G52:G53) -> 12000 | H54: =SUM(H52:H53) -> 12000 | I54: =SUM(I52:I53) -> 12000 | J54: =SUM(J52:J53) -> 12000 | K54: =SUM(K52:K53) -> 12000 | ... P54: =SUM(P52:P53) -> 144000
A56: BILKOSTNADER
B57: Areal Byggservice | C57: =P57/$P$5 -> 0.0173255 | D57: ='Areal - Budsjett 2020'!D99 -> 42000 | E57: ='Areal - Budsjett 2020'!E99 -> 42000 | F57: ='Areal - Budsjett 2020'!F99 -> 42000 | G57: ='Areal - Budsjett 2020'!G99 -> 42000 | H57: ='Areal - Budsjett 2020'!H99 -> 42000 | I57: ='Areal - Budsjett 2020'!I99 -> 42000 | J57: ='Areal - Budsjett 2020'!J99 -> 42000 | K57: ='Areal - Budsjett 2020'!K99 -> 42000 | ... O57: ='Areal - Budsjett 2020'!O99 -> 42000 | P57: =SUM(D57:O57) -> 504000
B58: Byggmester Fritzøe | C58: =P58/$P$6 -> 0.0061858105 | D58: ='Fritzøe - budsj 2020'!D114 -> 23000 | E58: ='Fritzøe - budsj 2020'!E114 -> 23000 | F58: ='Fritzøe - budsj 2020'!F114 -> 23000 | G58: ='Fritzøe - budsj 2020'!G114 -> 23000 | H58: ='Fritzøe - budsj 2020'!H114 -> 23000 | I58: ='Fritzøe - budsj 2020'!I114 -> 23000 | J58: ='Fritzøe - budsj 2020'!J114 -> 23000 | K58: ='Fritzøe - budsj 2020'!K114 -> 23000 | ... O58: ='Fritzøe - budsj 2020'!O114 -> 23000 | P58: =SUM(D58:O58) -> 276000
B59: Sum bilkostnader | C59: =P59/$P$7 -> 0.010582253 | D59: =SUM(D57:D58) -> 65000 | E59: =SUM(E57:E58) -> 65000 | F59: =SUM(F57:F58) -> 65000 | G59: =SUM(G57:G58) -> 65000 | H59: =SUM(H57:H58) -> 65000 | I59: =SUM(I57:I58) -> 65000 | J59: =SUM(J57:J58) -> 65000 | K59: =SUM(K57:K58) -> 65000 | ... P59: =SUM(P57:P58) -> 780000
A61: REISE, DIETT OG BILGODTGJØRELSE
B62: Areal Byggservice | C62: =P62/$P$5 -> 0.0041251191 | D62: ='Areal - Budsjett 2020'!D106 -> 10000 | E62: ='Areal - Budsjett 2020'!E106 -> 10000 | F62: ='Areal - Budsjett 2020'!F106 -> 10000 | G62: ='Areal - Budsjett 2020'!G106 -> 10000 | H62: ='Areal - Budsjett 2020'!H106 -> 10000 | I62: ='Areal - Budsjett 2020'!I106 -> 10000 | J62: ='Areal - Budsjett 2020'!J106 -> 10000 | K62: ='Areal - Budsjett 2020'!K106 -> 10000 | ... O62: ='Areal - Budsjett 2020'!O106 -> 10000 | P62: =SUM(D62:O62) -> 120000
B63: Byggmester Fritzøe | C63: =P63/$P$6 -> 0.0013447414 | D63: ='Fritzøe - budsj 2020'!D121 -> 5000 | E63: ='Fritzøe - budsj 2020'!E121 -> 5000 | F63: ='Fritzøe - budsj 2020'!F121 -> 5000 | G63: ='Fritzøe - budsj 2020'!G121 -> 5000 | H63: ='Fritzøe - budsj 2020'!H121 -> 5000 | I63: ='Fritzøe - budsj 2020'!I121 -> 5000 | J63: ='Fritzøe - budsj 2020'!J121 -> 5000 | K63: ='Fritzøe - budsj 2020'!K121 -> 5000 | ... O63: ='Fritzøe - budsj 2020'!O121 -> 5000 | P63: =SUM(D63:O63) -> 60000
B64: Sum reise, diett og bilgodtgjørelse | C64: =P64/$P$7 -> 0.0024420583 | D64: =SUM(D62:D63) -> 15000 | E64: =SUM(E62:E63) -> 15000 | F64: =SUM(F62:F63) -> 15000 | G64: =SUM(G62:G63) -> 15000 | H64: =SUM(H62:H63) -> 15000 | I64: =SUM(I62:I63) -> 15000 | J64: =SUM(J62:J63) -> 15000 | K64: =SUM(K62:K63) -> 15000 | ... P64: =SUM(P62:P63) -> 180000
A66: SALGS- OG REKLAMEKOSTNADER
B67: Areal Byggservice | C67: =P67/$P$5 -> 0.0030938393 | D67: ='Areal - Budsjett 2020'!D112 -> 7500 | E67: ='Areal - Budsjett 2020'!E112 -> 7500 | F67: ='Areal - Budsjett 2020'!F112 -> 7500 | G67: ='Areal - Budsjett 2020'!G112 -> 7500 | H67: ='Areal - Budsjett 2020'!H112 -> 7500 | I67: ='Areal - Budsjett 2020'!I112 -> 7500 | J67: ='Areal - Budsjett 2020'!J112 -> 7500 | K67: ='Areal - Budsjett 2020'!K112 -> 7500 | ... O67: ='Areal - Budsjett 2020'!O112 -> 7500 | P67: =SUM(D67:O67) -> 90000
B68: Byggmester Fritzøe | C68: =P68/$P$6 -> 0.0013447414 | D68: ='Fritzøe - budsj 2020'!D126 -> 5000 | E68: ='Fritzøe - budsj 2020'!E126 -> 5000 | F68: ='Fritzøe - budsj 2020'!F126 -> 5000 | G68: ='Fritzøe - budsj 2020'!G126 -> 5000 | H68: ='Fritzøe - budsj 2020'!H126 -> 5000 | I68: ='Fritzøe - budsj 2020'!I126 -> 5000 | J68: ='Fritzøe - budsj 2020'!J126 -> 5000 | K68: ='Fritzøe - budsj 2020'!K126 -> 5000 | ... O68: ='Fritzøe - budsj 2020'!O126 -> 5000 | P68: =SUM(D68:O68) -> 60000
B69: Sum salgs- og reklamekostnader | C69: =P69/$P$7 -> 0.0020350486 | D69: =SUM(D67:D68) -> 12500 | E69: =SUM(E67:E68) -> 12500 | F69: =SUM(F67:F68) -> 12500 | G69: =SUM(G67:G68) -> 12500 | H69: =SUM(H67:H68) -> 12500 | I69: =SUM(I67:I68) -> 12500 | J69: =SUM(J67:J68) -> 12500 | K69: =SUM(K67:K68) -> 12500 | ... P69: =SUM(P67:P68) -> 150000
A71: GAVER OG KONTIGENTER
B72: Areal Byggservice | C72: =P72/$P$5 -> 0.00061876786 | D72: ='Areal - Budsjett 2020'!D116 -> 1500 | E72: ='Areal - Budsjett 2020'!E116 -> 1500 | F72: ='Areal - Budsjett 2020'!F116 -> 1500 | G72: ='Areal - Budsjett 2020'!G116 -> 1500 | H72: ='Areal - Budsjett 2020'!H116 -> 1500 | I72: ='Areal - Budsjett 2020'!I116 -> 1500 | J72: ='Areal - Budsjett 2020'!J116 -> 1500 | K72: ='Areal - Budsjett 2020'!K116 -> 1500 | ... O72: ='Areal - Budsjett 2020'!O116 -> 1500 | P72: =SUM(D72:O72) -> 18000
B73: Byggmester Fritzøe | C73: =P73/$P$6 -> 0.00026894828 | D73: ='Fritzøe - budsj 2020'!D130 -> 1000 | E73: ='Fritzøe - budsj 2020'!E130 -> 1000 | F73: ='Fritzøe - budsj 2020'!F130 -> 1000 | G73: ='Fritzøe - budsj 2020'!G130 -> 1000 | H73: ='Fritzøe - budsj 2020'!H130 -> 1000 | I73: ='Fritzøe - budsj 2020'!I130 -> 1000 | J73: ='Fritzøe - budsj 2020'!J130 -> 1000 | K73: ='Fritzøe - budsj 2020'!K130 -> 1000 | ... O73: ='Fritzøe - budsj 2020'!O130 -> 1000 | P73: =SUM(D73:O73) -> 12000
B74: Sum gaver og kontigenter | C74: =P74/$P$7 -> 0.00040700972 | D74: =SUM(D72:D73) -> 2500 | E74: =SUM(E72:E73) -> 2500 | F74: =SUM(F72:F73) -> 2500 | G74: =SUM(G72:G73) -> 2500 | H74: =SUM(H72:H73) -> 2500 | I74: =SUM(I72:I73) -> 2500 | J74: =SUM(J72:J73) -> 2500 | K74: =SUM(K72:K73) -> 2500 | ... P74: =SUM(P72:P73) -> 30000
A76: FORSIKRINGER
B77: Areal Byggservice | C77: =P77/$P$5 -> 0.0049501429 | D77: ='Areal - Budsjett 2020'!D121 -> 12000 | E77: ='Areal - Budsjett 2020'!E121 -> 12000 | F77: ='Areal - Budsjett 2020'!F121 -> 12000 | G77: ='Areal - Budsjett 2020'!G121 -> 12000 | H77: ='Areal - Budsjett 2020'!H121 -> 12000 | I77: ='Areal - Budsjett 2020'!I121 -> 12000 | J77: ='Areal - Budsjett 2020'!J121 -> 12000 | K77: ='Areal - Budsjett 2020'!K121 -> 12000 | ... O77: ='Areal - Budsjett 2020'!O121 -> 12000 | P77: =SUM(D77:O77) -> 144000
B78: Byggmester Fritzøe | C78: =P78/$P$6 -> 0.0026894828 | D78: ='Fritzøe - budsj 2020'!D134 -> 10000 | E78: ='Fritzøe - budsj 2020'!E134 -> 10000 | F78: ='Fritzøe - budsj 2020'!F134 -> 10000 | G78: ='Fritzøe - budsj 2020'!G134 -> 10000 | H78: ='Fritzøe - budsj 2020'!H134 -> 10000 | I78: ='Fritzøe - budsj 2020'!I134 -> 10000 | J78: ='Fritzøe - budsj 2020'!J134 -> 10000 | K78: ='Fritzøe - budsj 2020'!K134 -> 10000 | ... O78: ='Fritzøe - budsj 2020'!O134 -> 10000 | P78: =SUM(D78:O78) -> 120000
B79: Sum forsikringer | C79: =P79/$P$7 -> 0.0035816856 | D79: =SUM(D77:D78) -> 22000 | E79: =SUM(E77:E78) -> 22000 | F79: =SUM(F77:F78) -> 22000 | G79: =SUM(G77:G78) -> 22000 | H79: =SUM(H77:H78) -> 22000 | I79: =SUM(I77:I78) -> 22000 | J79: =SUM(J77:J78) -> 22000 | K79: =SUM(K77:K78) -> 22000 | ... P79: =SUM(P77:P78) -> 264000
A81: ANDRE KOSTNADER
B82: Areal Byggservice | C82: =P82/$P$5 -> 0.0012375357 | D82: ='Areal - Budsjett 2020'!D128 -> 3000 | E82: ='Areal - Budsjett 2020'!E128 -> 3000 | F82: ='Areal - Budsjett 2020'!F128 -> 3000 | G82: ='Areal - Budsjett 2020'!G128 -> 3000 | H82: ='Areal - Budsjett 2020'!H128 -> 3000 | I82: ='Areal - Budsjett 2020'!I128 -> 3000 | J82: ='Areal - Budsjett 2020'!J128 -> 3000 | K82: ='Areal - Budsjett 2020'!K128 -> 3000 | ... O82: ='Areal - Budsjett 2020'!O128 -> 3000 | P82: =SUM(D82:O82) -> 36000
B83: Byggmester Fritzøe | C83: =P83/$P$6 -> 0.0046079806 | D83: ='Fritzøe - budsj 2020'!D142 -> 17133.333 | E83: ='Fritzøe - budsj 2020'!E142 -> 17133.333 | F83: ='Fritzøe - budsj 2020'!F142 -> 17133.333 | G83: ='Fritzøe - budsj 2020'!G142 -> 17133.333 | H83: ='Fritzøe - budsj 2020'!H142 -> 17133.333 | I83: ='Fritzøe - budsj 2020'!I142 -> 17133.333 | J83: ='Fritzøe - budsj 2020'!J142 -> 17133.333 | K83: ='Fritzøe - budsj 2020'!K142 -> 17133.333 | ... O83: ='Fritzøe - budsj 2020'!O142 -> 17133.333 | P83: =SUM(D83:O83) -> 205600
B84: Sum andre kostnader | C84: =P84/$P$7 -> 0.003277785 | D84: =SUM(D82:D83) -> 20133.333 | E84: =SUM(E82:E83) -> 20133.333 | F84: =SUM(F82:F83) -> 20133.333 | G84: =SUM(G82:G83) -> 20133.333 | H84: =SUM(H82:H83) -> 20133.333 | I84: =SUM(I82:I83) -> 20133.333 | J84: =SUM(J82:J83) -> 20133.333 | K84: =SUM(K82:K83) -> 20133.333 | ... P84: =SUM(P82:P83) -> 241600
A86: TAP/GEVINST
B87: Areal Byggservice | C87: =P87/$P$5 -> 0.0020625595 | D87: ='Areal - Budsjett 2020'!D132 -> 5000 | E87: ='Areal - Budsjett 2020'!E132 -> 5000 | F87: ='Areal - Budsjett 2020'!F132 -> 5000 | G87: ='Areal - Budsjett 2020'!G132 -> 5000 | H87: ='Areal - Budsjett 2020'!H132 -> 5000 | I87: ='Areal - Budsjett 2020'!I132 -> 5000 | J87: ='Areal - Budsjett 2020'!J132 -> 5000 | K87: ='Areal - Budsjett 2020'!K132 -> 5000 | ... O87: ='Areal - Budsjett 2020'!O132 -> 5000 | P87: =SUM(D87:O87) -> 60000
B88: Byggmester Fritzøe | C88: =P88/$P$6 -> 0.00067237071 | D88: ='Fritzøe - budsj 2020'!D146 -> 2500 | E88: ='Fritzøe - budsj 2020'!E146 -> 2500 | F88: ='Fritzøe - budsj 2020'!F146 -> 2500 | G88: ='Fritzøe - budsj 2020'!G146 -> 2500 | H88: ='Fritzøe - budsj 2020'!H146 -> 2500 | I88: ='Fritzøe - budsj 2020'!I146 -> 2500 | J88: ='Fritzøe - budsj 2020'!J146 -> 2500 | K88: ='Fritzøe - budsj 2020'!K146 -> 2500 | ... O88: ='Fritzøe - budsj 2020'!O146 -> 2500 | P88: =SUM(D88:O88) -> 30000
B89: Sum tap/gevinst | C89: =P89/$P$7 -> 0.0012210292 | D89: =SUM(D87:D88) -> 7500 | E89: =SUM(E87:E88) -> 7500 | F89: =SUM(F87:F88) -> 7500 | G89: =SUM(G87:G88) -> 7500 | H89: =SUM(H87:H88) -> 7500 | I89: =SUM(I87:I88) -> 7500 | J89: =SUM(J87:J88) -> 7500 | K89: =SUM(K87:K88) -> 7500 | ... P89: =SUM(P87:P88) -> 90000
A91: DRIFTSRESULTAT
B92: Areal Byggservice | C92: ='Areal - Budsjett 2020'!C136 -> 0.066669613 | D92: ='Areal - Budsjett 2020'!D136 -> 262728.29 | E92: ='Areal - Budsjett 2020'!E136 -> 297940.76 | F92: ='Areal - Budsjett 2020'!F136 -> 266860.16 | G92: ='Areal - Budsjett 2020'!G136 -> -99730.463 | H92: ='Areal - Budsjett 2020'!H136 -> 119557.1 | I92: ='Areal - Budsjett 2020'!I136 -> 187685.55 | J92: ='Areal - Budsjett 2020'!J136 -> -50068.611 | ... P92: ='Areal - Budsjett 2020'!P136 -> 1939423.7
B93: Byggmester Fritzøe | C93: ='Fritzøe - budsjett service'!C150 -> 0.022691495 | D93: ='Fritzøe - budsj 2020'!D150 -> 44999.7 | E93: ='Fritzøe - budsj 2020'!E150 -> 103757.66 | F93: ='Fritzøe - budsj 2020'!F150 -> 476547.18 | G93: ='Fritzøe - budsj 2020'!G150 -> -104345.53 | H93: ='Fritzøe - budsj 2020'!H150 -> -110969.33 | I93: ='Fritzøe - budsj 2020'!I150 -> 495956.87 | J93: ='Fritzøe - budsj 2020'!J150 -> -49271.447 | K93: ='Fritzøe - budsj 2020'!K150 -> 432669.16 | ... P93: ='Fritzøe - budsj 2020'!P150 -> 2049432.8
B94: Sum Driftsresultat | C94: =P94/P7 -> 0.054116779 | D94: =SUM(D92:D93) -> 307727.99 | E94: =SUM(E92:E93) -> 401698.42 | F94: =SUM(F92:F93) -> 743407.34 | G94: =SUM(G92:G93) -> -204075.99 | H94: =SUM(H92:H93) -> 8587.7672 | I94: =SUM(I92:I93) -> 683642.41 | J94: =SUM(J92:J93) -> -99340.057 | K94: =SUM(K92:K93) -> 670464.26 | ... P94: =SUM(P92:P93) -> 3988856.5
A96: FINANS
B97: Areal Byggservice | C97: =P97/$P$5 -> -0.00028875833 | D97: ='Areal - Budsjett 2020'!D143 -> -700 | E97: ='Areal - Budsjett 2020'!E143 -> -700 | F97: ='Areal - Budsjett 2020'!F143 -> -700 | G97: ='Areal - Budsjett 2020'!G143 -> -700 | H97: ='Areal - Budsjett 2020'!H143 -> -700 | I97: ='Areal - Budsjett 2020'!I143 -> -700 | J97: ='Areal - Budsjett 2020'!J143 -> -700 | K97: ='Areal - Budsjett 2020'!K143 -> -700 | ... O97: ='Areal - Budsjett 2020'!O143 -> -700 | P97: =SUM(D97:O97) -> -8400
B98: Byggmester Fritzøe | C98: =P98/$P$6 -> -0.00026894828 | D98: ='Fritzøe - budsj 2020'!D158 -> -1000 | E98: ='Fritzøe - budsj 2020'!E158 -> -1000 | F98: ='Fritzøe - budsj 2020'!F158 -> -1000 | G98: ='Fritzøe - budsj 2020'!G158 -> -1000 | H98: ='Fritzøe - budsj 2020'!H158 -> -1000 | I98: ='Fritzøe - budsj 2020'!I158 -> -1000 | J98: ='Fritzøe - budsj 2020'!J158 -> -1000 | K98: ='Fritzøe - budsj 2020'!K158 -> -1000 | ... O98: ='Fritzøe - budsj 2020'!O158 -> -1000 | P98: =SUM(D98:O98) -> -12000
B99: Sum finansinntekter-/kostnader | C99: =P99/$P$7 -> -0.00027676661 | D99: =SUM(D97:D98) -> -1700 | E99: =SUM(E97:E98) -> -1700 | F99: =SUM(F97:F98) -> -1700 | G99: =SUM(G97:G98) -> -1700 | H99: =SUM(H97:H98) -> -1700 | I99: =SUM(I97:I98) -> -1700 | J99: =SUM(J97:J98) -> -1700 | K99: =SUM(K97:K98) -> -1700 | ... P99: =SUM(P97:P98) -> -20400
A101: OVERSKUDD/UNDERSKUDD
B102: Areal Byggservice | D102: ='Areal - Budsjett 2020'!D145 -> 263428.29 | E102: ='Areal - Budsjett 2020'!E145 -> 298640.76 | F102: ='Areal - Budsjett 2020'!F145 -> 267560.16 | G102: ='Areal - Budsjett 2020'!G145 -> -99030.463 | H102: ='Areal - Budsjett 2020'!H145 -> 120257.1 | I102: ='Areal - Budsjett 2020'!I145 -> 188385.55 | J102: ='Areal - Budsjett 2020'!J145 -> -49368.611 | K102: ='Areal - Budsjett 2020'!K145 -> 238495.1 | ... P102: ='Areal - Budsjett 2020'!P145 -> 1947823.7
B103: Byggmester Fritzøe | D103: ='Fritzøe - budsj 2020'!D160 -> 45999.7 | E103: ='Fritzøe - budsj 2020'!E160 -> 104757.66 | F103: ='Fritzøe - budsj 2020'!F160 -> 477547.18 | G103: ='Fritzøe - budsj 2020'!G160 -> -103345.53 | H103: ='Fritzøe - budsj 2020'!H160 -> -109969.33 | I103: ='Fritzøe - budsj 2020'!I160 -> 496956.87 | J103: ='Fritzøe - budsj 2020'!J160 -> -48271.447 | K103: ='Fritzøe - budsj 2020'!K160 -> 433669.16 | ... P103: ='Fritzøe - budsj 2020'!P160 -> 2061432.8
B104: Sum overskudd/underskudd | C104: =P104/$P$7 -> 0.054393545 | D104: =SUM(D102:D103) -> 309427.99 | E104: =SUM(E102:E103) -> 403398.42 | F104: =SUM(F102:F103) -> 745107.34 | G104: =SUM(G102:G103) -> -202375.99 | H104: =SUM(H102:H103) -> 10287.767 | I104: =SUM(I102:I103) -> 685342.41 | J104: =SUM(J102:J103) -> -97640.057 | K104: =SUM(K102:K103) -> 672164.26 | ... P104: =SUM(P102:P103) -> 4009256.5
A106: AKKUMULERT - OVERSKUDD/UNDERSKUDD
B107: Areal Byggservice | D107: ='Areal - Budsjett 2020'!D147 -> 263428.29 | E107: ='Areal - Budsjett 2020'!E147 -> 562069.05 | F107: ='Areal - Budsjett 2020'!F147 -> 829629.21 | G107: ='Areal - Budsjett 2020'!G147 -> 730598.75 | H107: ='Areal - Budsjett 2020'!H147 -> 850855.84 | I107: ='Areal - Budsjett 2020'!I147 -> 1039241.4 | J107: ='Areal - Budsjett 2020'!J147 -> 989872.78 | K107: ='Areal - Budsjett 2020'!K147 -> 1228367.9 | ... P107: ='Areal - Budsjett 2020'!P147 -> 1930423.7
B108: Byggmester Fritzøe | D108: ='Fritzøe - budsj 2020'!D162 -> 45999.7 | E108: ='Fritzøe - budsj 2020'!E162 -> 150757.36 | F108: ='Fritzøe - budsj 2020'!F162 -> 628304.54 | G108: ='Fritzøe - budsj 2020'!G162 -> 524959.01 | H108: ='Fritzøe - budsj 2020'!H162 -> 414989.68 | I108: ='Fritzøe - budsj 2020'!I162 -> 911946.55 | J108: ='Fritzøe - budsj 2020'!J162 -> 863675.1 | K108: ='Fritzøe - budsj 2020'!K162 -> 1297344.3 | ... P108: ='Fritzøe - budsj 2020'!P162 -> 2061432.8
B109: Sum akkumulert overskudd/underskudd | D109: =SUM(D107:D108) -> 309427.99 | E109: =SUM(E107:E108) -> 712826.41 | F109: =SUM(F107:F108) -> 1457933.7 | G109: =SUM(G107:G108) -> 1255557.8 | H109: =SUM(H107:H108) -> 1265845.5 | I109: =SUM(I107:I108) -> 1951187.9 | J109: =SUM(J107:J108) -> 1853547.9 | K109: =SUM(K107:K108) -> 2525712.1 | ... P109: =SUM(P107:P108) -> 3991856.5

Sheet Areal - forutsetn.
A1: Forutsetninger omsetning og lønn | G1: 1 | H1: 0 | I1: 0 | J1: 3 | K1: 2 | L1: 1 | M1: 0 | N1: 0 | O1: 0 | P1: 0 | Q1: 0 | R1: 1 | S1: =SUM(G1:R1) -> 8 | T1: Bev Helligd
G2: 22 | H2: 20 | I2: 22 | J2: 19 | K2: 19 | L2: 21 | M2: 23 | N2: 21 | O2: 22 | P2: 22 | Q2: 21 | R2: 22 | S2: =SUM(G2:R2) -> 254 | T2: Arbeidsdager
J3: 2 | L3: 2 | M3: 13 | N3: 5 | R3: 3 | S3: =SUM(G3:R3) -> 25 | T3: feriedager
A4: Ordinære time | B4: Timelønn | C4: Snitt Dagtimer | D4: M | E4: B | F4: A | G4: Jan | H4: Feb | I4: Mar | J4: Apr | K4: Mai | L4: Jun | M4: Jul | N4: Aug | O4: Sep | P4: Okt | Q4: Nov | R4: Des | S4: Total
A5: Jan Roger Nikolaisen | B5: =(57500+6000)/162.5 -> 390.76923 | C5: 7.5 | D5: 0 | E5: 0 | F5: 1 | G5: =(G$2-G$3)*$C5 -> 165 | H5: =(H$2-H$3)*$C5 -> 150 | I5: =(I$2-I$3)*$C5 -> 165 | J5: =(J$2-J$3)*$C5 -> 127.5 | K5: =(K$2-K$3)*$C5 -> 142.5 | L5: =(L$2-L$3)*$C5 -> 142.5 | M5: =(M$2-M$3)*$C5 -> 75 | N5: =(N$2-N$3)*$C5 -> 120 | ... R5: =(R$2-R$3)*$C5 -> 142.5 | S5: =SUM(G5:R5) -> 1717.5
A6: Richard Sandåker | B6: =(50000+6000)/162.5 -> 344.61538 | C6: 7.5 | E6: 0.3 | F6: 0.7 | G6: =(G$2-G$3)*$C6 -> 165 | H6: =(H$2-H$3)*$C6 -> 150 | I6: =(I$2-I$3)*$C6 -> 165 | J6: =(J$2-J$3)*$C6 -> 127.5 | K6: =(K$2-K$3)*$C6 -> 142.5 | L6: =(L$2-L$3)*$C6 -> 142.5 | M6: =(M$2-M$3)*$C6 -> 75 | N6: =(N$2-N$3)*$C6 -> 120 | ... R6: =(R$2-R$3)*$C6 -> 142.5 | S6: =SUM(G6:R6) -> 1717.5
A7: Thomas Gravrok | B7: =591600/12/162.5 -> 303.38462 | C7: =7.5 -> 7.5 | D7: 0.4 | E7: 0.1 | F7: 0.5 | G7: =(G$2-G$3)*$C7 -> 165 | H7: =(H$2-H$3)*$C7 -> 150 | I7: =(I$2-I$3)*$C7 -> 165 | J7: =(J$2-J$3)*$C7 -> 127.5 | K7: =(K$2-K$3)*$C7 -> 142.5 | L7: =(L$2-L$3)*$C7 -> 142.5 | M7: =(M$2-M$3)*$C7 -> 75 | N7: =(N$2-N$3)*$C7 -> 120 | ... R7: =(R$2-R$3)*$C7 -> 142.5 | S7: =SUM(G7:R7) -> 1717.5
A8: Johnny Bruun | B8: 260 | C8: 7.5 | D8: 0.7 | F8: 0.3 | G8: =(G$2-G$3)*$C8 -> 165 | H8: =(H$2-H$3)*$C8 -> 150 | I8: =(I$2-I$3)*$C8 -> 165 | J8: =(J$2-J$3)*$C8 -> 127.5 | K8: =(K$2-K$3)*$C8 -> 142.5 | L8: =(L$2-L$3)*$C8 -> 142.5 | M8: =(M$2-M$3)*$C8 -> 75 | N8: =(N$2-N$3)*$C8 -> 120 | ... R8: =(R$2-R$3)*$C8 -> 142.5 | S8: =SUM(G8:R8) -> 1717.5
A9: Stanislaw Kmak | B9: 248 | C9: =7.5*1.15 -> 8.625 | D9: 0.2 | E9: 0.8 | G9: 95 | H9: =(H$2-H$3)*$C9 -> 172.5 | I9: =(I$2-I$3)*$C9 -> 189.75 | J9: =(J$2-J$3)*$C9 -> 146.625 | K9: =(K$2-K$3)*$C9 -> 163.875 | L9: =(L$2-L$3)*$C9 -> 163.875 | M9: =(M$2-M$3)*$C9 -> 86.25 | N9: =(N$2-N$3)*$C9 -> 138 | O9: =(O$2-O$3)*$C9 -> 189.75 | ... R9: =(R$2-R$3)*$C9 -> 163.875 | S9: =SUM(G9:R9) -> 1880.375
A10: Gzregorz Kurcharski (Bolek) | B10: 248 | C10: =7.5*1.15 -> 8.625 | D10: 0.2 | E10: 0.8 | G10: 95 | H10: =(H$2-H$3)*$C10 -> 172.5 | I10: =(I$2-I$3)*$C10 -> 189.75 | J10: =(J$2-J$3)*$C10 -> 146.625 | K10: =(K$2-K$3)*$C10 -> 163.875 | L10: =(L$2-L$3)*$C10 -> 163.875 | M10: =(M$2-M$3)*$C10 -> 86.25 | N10: =(N$2-N$3)*$C10 -> 138 | O10: =(O$2-O$3)*$C10 -> 189.75 | ... R10: =(R$2-R$3)*$C10 -> 163.875 | S10: =SUM(G10:R10) -> 1880.375
A11: Piotr Kmak | B11: 233 | C11: =7.5*1.15 -> 8.625 | D11: 0.5 | E11: 0.5 | G11: 40 | H11: =(H$2-H$3)*$C11 -> 172.5 | I11: =(I$2-I$3)*$C11 -> 189.75 | J11: =(J$2-J$3)*$C11 -> 146.625 | K11: =(K$2-K$3)*$C11 -> 163.875 | L11: =(L$2-L$3)*$C11 -> 163.875 | M11: =(M$2-M$3)*$C11 -> 86.25 | N11: =(N$2-N$3)*$C11 -> 138 | O11: =(O$2-O$3)*$C11 -> 189.75 | ... R11: =(R$2-R$3)*$C11 -> 163.875 | S11: =SUM(G11:R11) -> 1825.375
A12: Damian Debek | B12: 233 | C12: =7.5*1.15 -> 8.625 | D12: 0.5 | E12: 0.5 | G12: 95 | H12: =(H$2-H$3)*$C12 -> 172.5 | I12: =(I$2-I$3)*$C12 -> 189.75 | J12: =(J$2-J$3)*$C12 -> 146.625 | K12: =(K$2-K$3)*$C12 -> 163.875 | L12: =(L$2-L$3)*$C12 -> 163.875 | M12: =(M$2-M$3)*$C12 -> 86.25 | N12: =(N$2-N$3)*$C12 -> 138 | O12: =(O$2-O$3)*$C12 -> 189.75 | ... R12: =(R$2-R$3)*$C12 -> 163.875 | S12: =SUM(G12:R12) -> 1880.375
A13: Andreas Jönsson | B13: 248 | C13: 7.5 | E13: 1 | G13: =(G$2-G$3)*$C13 -> 165 | H13: =(H$2-H$3)*$C13 -> 150 | I13: =(I$2-I$3)*$C13 -> 165 | J13: =(J$2-J$3)*$C13 -> 127.5 | K13: =(K$2-K$3)*$C13 -> 142.5 | L13: =(L$2-L$3)*$C13 -> 142.5 | M13: =(M$2-M$3)*$C13 -> 75 | N13: =(N$2-N$3)*$C13 -> 120 | ... R13: =(R$2-R$3)*$C13 -> 142.5 | S13: =SUM(G13:R13) -> 1717.5
A14: Lars Børge Olsen | B14: 248 | C14: 7.5 | E14: 1 | G14: =(G$2-G$3)*$C14 -> 165 | H14: =(H$2-H$3)*$C14 -> 150 | I14: =(I$2-I$3)*$C14 -> 165 | J14: =(J$2-J$3)*$C14 -> 127.5 | K14: =(K$2-K$3)*$C14 -> 142.5 | L14: =(L$2-L$3)*$C14 -> 142.5 | M14: =(M$2-M$3)*$C14 -> 75 | N14: =(N$2-N$3)*$C14 -> 120 | ... R14: =(R$2-R$3)*$C14 -> 142.5 | S14: =SUM(G14:R14) -> 1717.5
A15: Darius Fulgeanu | B15: 248 | C15: 7.5 | E15: 1 | G15: =(G$2-G$3)*$C15 -> 165 | H15: =(H$2-H$3)*$C15 -> 150 | I15: =(I$2-I$3)*$C15 -> 165 | J15: =(J$2-J$3)*$C15 -> 127.5 | K15: =(K$2-K$3)*$C15 -> 142.5 | L15: =(L$2-L$3)*$C15 -> 142.5 | M15: =(M$2-M$3)*$C15 -> 75 | N15: =(N$2-N$3)*$C15 -> 120 | ... R15: =(R$2-R$3)*$C15 -> 142.5 | S15: =SUM(G15:R15) -> 1717.5
A18: Christoffer Tønnesen Emilsen | B18: 190 | C18: 7.5 | D18: 1 | G18: =(G$2-G$3)*$C18 -> 165 | H18: =(H$2-H$3)*$C18 -> 150 | I18: =(I$2-I$3)*$C18 -> 165 | J18: =(J$2-J$3)*$C18 -> 127.5 | K18: =(K$2-K$3)*$C18 -> 142.5 | L18: =(L$2-L$3)*$C18 -> 142.5 | M18: =(M$2-M$3)*$C18 -> 75 | N18: =(N$2-N$3)*$C18 -> 120 | ... R18: =(R$2-R$3)*$C18 -> 142.5 | S18: =SUM(G18:R18) -> 1717.5
A19: Tommy Willumsen | B19: 248 | C19: 7.5 | D19: 1 | G19: =(G$2-G$3)*$C19 -> 165 | H19: =(H$2-H$3)*$C19 -> 150 | I19: =(I$2-I$3)*$C19 -> 165 | J19: =(J$2-J$3)*$C19 -> 127.5 | K19: =(K$2-K$3)*$C19 -> 142.5 | L19: =(L$2-L$3)*$C19 -> 142.5 | M19: =(M$2-M$3)*$C19 -> 75 | N19: =(N$2-N$3)*$C19 -> 120 | ... R19: =(R$2-R$3)*$C19 -> 142.5 | S19: =SUM(G19:R19) -> 1717.5
A20: Egidius Tumynas | B20: 248 | C20: 7.5 | D20: 1 | G20: =(G$2-G$3)*$C20 -> 165 | H20: =(H$2-H$3)*$C20 -> 150 | I20: =(I$2-I$3)*$C20 -> 165 | J20: =(J$2-J$3)*$C20 -> 127.5 | K20: =(K$2-K$3)*$C20 -> 142.5 | L20: =(L$2-L$3)*$C20 -> 142.5 | M20: =(M$2-M$3)*$C20 -> 75 | N20: =(N$2-N$3)*$C20 -> 120 | ... R20: =(R$2-R$3)*$C20 -> 142.5 | S20: =SUM(G20:R20) -> 1717.5
A21: Alf-Magne Nikolaisen | B21: 248 | C21: 7.5 | D21: 1 | G21: =(G$2-G$3)*$C21 -> 165 | H21: =(H$2-H$3)*$C21 -> 150 | I21: =(I$2-I$3)*$C21 -> 165 | J21: =(J$2-J$3)*$C21 -> 127.5 | K21: =(K$2-K$3)*$C21 -> 142.5 | L21: =(L$2-L$3)*$C21 -> 142.5 | M21: =(M$2-M$3)*$C21 -> 75 | N21: =(N$2-N$3)*$C21 -> 120 | ... R21: =(R$2-R$3)*$C21 -> 142.5 | S21: =SUM(G21:R21) -> 1717.5
A22: Richard Flage | B22: 248 | C22: 7.5 | D22: 1 | G22: =(G$2-G$3)*$C22 -> 165 | H22: =(H$2-H$3)*$C22 -> 150 | I22: =(I$2-I$3)*$C22 -> 165 | J22: =(J$2-J$3)*$C22 -> 127.5 | K22: =(K$2-K$3)*$C22 -> 142.5 | L22: =(L$2-L$3)*$C22 -> 142.5 | M22: =(M$2-M$3)*$C22 -> 75 | N22: =(N$2-N$3)*$C22 -> 120 | ... R22: =(R$2-R$3)*$C22 -> 142.5 | S22: =SUM(G22:R22) -> 1717.5
A23: Andre Skoglund | B23: 248 | C23: 7.5 | D23: 1 | G23: =(G$2-G$3)*$C23 -> 165 | H23: =(H$2-H$3)*$C23 -> 150 | I23: =(I$2-I$3)*$C23 -> 165 | J23: =(J$2-J$3)*$C23 -> 127.5 | K23: =(K$2-K$3)*$C23 -> 142.5 | L23: =(L$2-L$3)*$C23 -> 142.5 | M23: =(M$2-M$3)*$C23 -> 75 | N23: =(N$2-N$3)*$C23 -> 120 | ... R23: =(R$2-R$3)*$C23 -> 142.5 | S23: =SUM(G23:R23) -> 1717.5
A24: Tommy Johnsen | B24: 248 | C24: 7.5 | D24: 1 | G24: =(G$2-G$3)*$C24 -> 165 | H24: =(H$2-H$3)*$C24 -> 150 | I24: =(I$2-I$3)*$C24 -> 165 | J24: =(J$2-J$3)*$C24 -> 127.5 | K24: =(K$2-K$3)*$C24 -> 142.5 | L24: =(L$2-L$3)*$C24 -> 142.5 | M24: =(M$2-M$3)*$C24 -> 75 | N24: =(N$2-N$3)*$C24 -> 120 | ... R24: =(R$2-R$3)*$C24 -> 142.5 | S24: =SUM(G24:R24) -> 1717.5
A25: Christoffer Kamfjord Larsen | B25: 244 | C25: 7.5 | D25: 1 | G25: =(G$2-G$3)*$C25 -> 165 | H25: =(H$2-H$3)*$C25 -> 150 | I25: =(I$2-I$3)*$C25 -> 165 | J25: =(J$2-J$3)*$C25 -> 127.5 | K25: =(K$2-K$3)*$C25 -> 142.5 | L25: =(L$2-L$3)*$C25 -> 142.5 | M25: =(M$2-M$3)*$C25 -> 75 | N25: =(N$2-N$3)*$C25 -> 120 | ... R25: =(R$2-R$3)*$C25 -> 142.5 | S25: =SUM(G25:R25) -> 1717.5
A26: Eyas Mahmoud Salaman | B26: 225 | C26: 7.5 | D26: 1 | G26: =(G$2-G$3)*$C26 -> 165 | H26: =(H$2-H$3)*$C26 -> 150 | I26: =(I$2-I$3)*$C26 -> 165 | J26: =(J$2-J$3)*$C26 -> 127.5 | K26: =(K$2-K$3)*$C26 -> 142.5 | L26: =(L$2-L$3)*$C26 -> 142.5 | M26: =(M$2-M$3)*$C26 -> 75 | N26: =(N$2-N$3)*$C26 -> 120 | ... R26: =(R$2-R$3)*$C26 -> 142.5 | S26: =SUM(G26:R26) -> 1717.5
A27: Martin Olsen | B27: 233 | C27: 7.5 | D27: 1 | G27: =(G$2-G$3)*$C27 -> 165 | H27: =(H$2-H$3)*$C27 -> 150 | I27: =(I$2-I$3)*$C27 -> 165 | J27: =(J$2-J$3)*$C27 -> 127.5 | K27: =(K$2-K$3)*$C27 -> 142.5 | L27: =(L$2-L$3)*$C27 -> 142.5 | M27: =(M$2-M$3)*$C27 -> 75 | N27: =(N$2-N$3)*$C27 -> 120 | ... R27: =(R$2-R$3)*$C27 -> 142.5 | S27: =SUM(G27:R27) -> 1717.5
A28: Masod | B28: 248 | C28: 7.5 | D28: 1 | G28: =(G$2-G$3)*$C28 -> 165 | H28: =(H$2-H$3)*$C28 -> 150 | I28: =(I$2-I$3)*$C28 -> 165 | J28: =(J$2-J$3)*$C28 -> 127.5 | K28: =(K$2-K$3)*$C28 -> 142.5 | L28: =(L$2-L$3)*$C28 -> 142.5 | M28: =(M$2-M$3)*$C28 -> 75 | N28: =(N$2-N$3)*$C28 -> 120 | ... R28: =(R$2-R$3)*$C28 -> 142.5 | S28: =SUM(G28:R28) -> 1717.5
A29: Reza | B29: 248 | C29: 7.5 | D29: 1 | G29: =(G$2-G$3)*$C29 -> 165 | H29: =(H$2-H$3)*$C29 -> 150 | I29: =(I$2-I$3)*$C29 -> 165 | J29: =(J$2-J$3)*$C29 -> 127.5 | K29: =(K$2-K$3)*$C29 -> 142.5 | L29: =(L$2-L$3)*$C29 -> 142.5 | M29: =(M$2-M$3)*$C29 -> 75 | N29: =(N$2-N$3)*$C29 -> 120 | ... R29: =(R$2-R$3)*$C29 -> 142.5 | S29: =SUM(G29:R29) -> 1717.5
A30: Kidane | B30: 185 | C30: 7.5 | D30: 1 | G30: =(G$2-G$3)*$C30 -> 165 | H30: =(H$2-H$3)*$C30 -> 150 | I30: =(I$2-I$3)*$C30 -> 165 | J30: =(J$2-J$3)*$C30 -> 127.5 | K30: =(K$2-K$3)*$C30 -> 142.5 | L30: =(L$2-L$3)*$C30 -> 142.5 | M30: =(M$2-M$3)*$C30 -> 75 | N30: =(N$2-N$3)*$C30 -> 120 | ... R30: =(R$2-R$3)*$C30 -> 142.5 | S30: =SUM(G30:R30) -> 1717.5
A31: Viktor Jamtli | B31: 200 | C31: 7.5 | D31: 1 | H31: =(H$2-H$3)*$C31 -> 150 | I31: =(I$2-I$3)*$C31 -> 165 | J31: =(J$2-J$3)*$C31 -> 127.5 | K31: =(K$2-K$3)*$C31 -> 142.5 | L31: =(L$2-L$3)*$C31 -> 142.5 | M31: =(M$2-M$3)*$C31 -> 75 | N31: =(N$2-N$3)*$C31 -> 120 | S31: =SUM(G31:R31) -> 922.5
A32: Sesongarbeider utemaling | B32: 190 | C32: 7.5 | D32: 1 | K32: =(K$2-K$3)*$C32 -> 142.5 | L32: =(L$2-L$3)*$C32 -> 142.5 | M32: =(M$2-M$3)*$C32 -> 75 | N32: =(N$2-N$3)*$C32 -> 120 | O32: =(O$2-O$3)*$C32 -> 165 | S32: =SUM(G32:R32) -> 645
A33: Sesongarbeider utemaling | B33: 190 | C33: 7.5 | D33: 1 | K33: =(K$2-K$3)*$C33 -> 142.5 | L33: =(L$2-L$3)*$C33 -> 142.5 | M33: =(M$2-M$3)*$C33 -> 75 | N33: =(N$2-N$3)*$C33 -> 120 | O33: =(O$2-O$3)*$C33 -> 165 | S33: =SUM(G33:R33) -> 645
A34: Sesongarbeider utemaling | B34: 190 | C34: 7.5 | D34: 1 | K34: =(K$2-K$3)*$C34 -> 142.5 | L34: =(L$2-L$3)*$C34 -> 142.5 | M34: =(M$2-M$3)*$C34 -> 75 | N34: =(N$2-N$3)*$C34 -> 120 | O34: =(O$2-O$3)*$C34 -> 165 | S34: =SUM(G34:R34) -> 645
A37: Sum ordinære timer | G37: =SUM(G5:G35) -> 3625 | H37: =SUM(H5:H35) -> 3840 | I37: =SUM(I5:I35) -> 4224 | J37: =SUM(J5:J35) -> 3264 | K37: =SUM(K5:K35) -> 4075.5 | L37: =SUM(L5:L35) -> 4075.5 | M37: =SUM(M5:M35) -> 2145 | N37: =SUM(N5:N35) -> 3432 | ... S37: =SUM(S5:S35) -> 44674
A38: Lønnsøkning | J38: 0.037 | K38: =J38 -> 0.037 | L38: =K38 -> 0.037 | M38: =L38 -> 0.037 | N38: =M38 -> 0.037 | O38: =N38 -> 0.037 | P38: =O38 -> 0.037 | Q38: =P38 -> 0.037 | R38: =Q38 -> 0.037
A39: Sum lønn før sosiale kostnader | G39: =(G5*$B$5+G6*$B$6+G7*$B$7+G8*$B$8+G9*$B$9+G10*$B$10+G11*$B$11+G12*$B$12+G13*$B$13+G14*$B$14+G15*$B$15+$B$16*G16+$B$17*G17+$B$18*G18+$B$19*G19+$B$20*G20+G21*$B$21+G22*$B$22+G23*$B$23+G24*$B$24+G25*$B$25+G26*$B$26+G27*$B$27+G28*$B$28+G29*$B$29+G30*$B$30+G31*$B$31+G32*$B$32+G33*$B$33+G34*$B$34)*(1+G38) -> 920696.92 | H39: =(H5*$B$5+H6*$B$6+H7*$B$7+H8*$B$8+H9*$B$9+H10*$B$10+H11*$B$11+H12*$B$12+H13*$B$13+H14*$B$14+H15*$B$15+$B$16*H16+$B$17*H17+$B$18*H18+$B$19*H19+$B$20*H20+H21*$B$21+H22*$B$22+H23*$B$23+H24*$B$24+H25*$B$25+H26*$B$26+H27*$B$27+H28*$B$28+H29*$B$29+H30*$B$30+H31*$B$31+H32*$B$32+H33*$B$33+H34*$B$34)*(1+H38) -> 961510.38 | I39: =(I5*$B$5+I6*$B$6+I7*$B$7+I8*$B$8+I9*$B$9+I10*$B$10+I11*$B$11+I12*$B$12+I13*$B$13+I14*$B$14+I15*$B$15+$B$16*I16+$B$17*I17+$B$18*I18+$B$19*I19+$B$20*I20+I21*$B$21+I22*$B$22+I23*$B$23+I24*$B$24+I25*$B$25+I26*$B$26+I27*$B$27+I28*$B$28+I29*$B$29+I30*$B$30+I31*$B$31+I32*$B$32+I33*$B$33+I34*$B$34)*(1+I38) -> 1057661.4 | J39: =(J5*$B$5+J6*$B$6+J7*$B$7+J8*$B$8+J9*$B$9+J10*$B$10+J11*$B$11+J12*$B$12+J13*$B$13+J14*$B$14+J15*$B$15+$B$16*J16+$B$17*J17+$B$18*J18+$B$19*J19+$B$20*J20+J21*$B$21+J22*$B$22+J23*$B$23+J24*$B$24+J25*$B$25+J26*$B$26+J27*$B$27+J28*$B$28+J29*$B$29+J30*$B$30+J31*$B$31+J32*$B$32+J33*$B$33+J34*$B$34)*(1+J38) -> 847523.33 | K39: =(K5*$B$5+K6*$B$6+K7*$B$7+K8*$B$8+K9*$B$9+K10*$B$10+K11*$B$11+K12*$B$12+K13*$B$13+K14*$B$14+K15*$B$15+$B$16*K16+$B$17*K17+$B$18*K18+$B$19*K19+$B$20*K20+K21*$B$21+K22*$B$22+K23*$B$23+K24*$B$24+K25*$B$25+K26*$B$26+K27*$B$27+K28*$B$28+K29*$B$29+K30*$B$30+K31*$B$31+K32*$B$32+K33*$B$33+K34*$B$34)*(1+K38) -> 1031462.3 | L39: =(L5*$B$5+L6*$B$6+L7*$B$7+L8*$B$8+L9*$B$9+L10*$B$10+L11*$B$11+L12*$B$12+L13*$B$13+L14*$B$14+L15*$B$15+$B$16*L16+$B$17*L17+$B$18*L18+$B$19*L19+$B$20*L20+L21*$B$21+L22*$B$22+L23*$B$23+L24*$B$24+L25*$B$25+L26*$B$26+L27*$B$27+L28*$B$28+L29*$B$29+L30*$B$30+L31*$B$31+L32*$B$32+L33*$B$33+L34*$B$34)*(1+L38) -> 1031462.3 | M39: =(M5*$B$5+M6*$B$6+M7*$B$7+M8*$B$8+M9*$B$9+M10*$B$10+M11*$B$11+M12*$B$12+M13*$B$13+M14*$B$14+M15*$B$15+$B$16*M16+$B$17*M17+$B$18*M18+$B$19*M19+$B$20*M20+M21*$B$21+M22*$B$22+M23*$B$23+M24*$B$24+M25*$B$25+M26*$B$26+M27*$B$27+M28*$B$28+M29*$B$29+M30*$B$30+M31*$B$31+M32*$B$32+M33*$B$33+M34*$B$34)*(1+M38) -> 542874.88 | N39: =(N5*$B$5+N6*$B$6+N7*$B$7+N8*$B$8+N9*$B$9+N10*$B$10+N11*$B$11+N12*$B$12+N13*$B$13+N14*$B$14+N15*$B$15+$B$16*N16+$B$17*N17+$B$18*N18+$B$19*N19+$B$20*N20+N21*$B$21+N22*$B$22+N23*$B$23+N24*$B$24+N25*$B$25+N26*$B$26+N27*$B$27+N28*$B$28+N29*$B$29+N30*$B$30+N31*$B$31+N32*$B$32+N33*$B$33+N34*$B$34)*(1+N38) -> 868599.82 | ... R39: =(R5*$B$5+R6*$B$6+R7*$B$7+R8*$B$8+R9*$B$9+R10*$B$10+R11*$B$11+R12*$B$12+R13*$B$13+R14*$B$14+R15*$B$15+$B$16*R16+$B$17*R17+$B$18*R18+$B$19*R19+$B$20*R20+R21*$B$21+R22*$B$22+R23*$B$23+R24*$B$24+R25*$B$25+R26*$B$26+R27*$B$27+R28*$B$28+R29*$B$29+R30*$B$30+R31*$B$31+R32*$B$32+R33*$B$33+R34*$B$34)*(1+R38) -> 917677.46 | S39: =SUM(G39:R39) -> 11416421
A40: Lønnskost helligdager | G40: =(G1*AVERAGE($C$5:$C$35)*AVERAGE($B$5:$B$35)*COUNT(G5:G35))*(1+G38) -> 44885.893 | H40: =(H1*AVERAGE($C$5:$C$35)*AVERAGE($B$5:$B$35)*COUNT(H5:H35))*(1+H38) -> 0 | I40: =(I1*AVERAGE($C$5:$C$35)*AVERAGE($B$5:$B$35)*COUNT(I5:I35))*(1+I38) -> 0 | J40: =(J1*AVERAGE($C$5:$C$35)*AVERAGE($B$5:$B$35)*COUNT(J5:J35))*(1+J38) -> 145458.35 | K40: =(K1*AVERAGE($C$5:$C$35)*AVERAGE($B$5:$B$35)*COUNT(K5:K35))*(1+K38) -> 108608.9 | L40: =(L1*AVERAGE($C$5:$C$35)*AVERAGE($B$5:$B$35)*COUNT(L5:L35))*(1+L38) -> 54304.449 | M40: =(M1*AVERAGE($C$5:$C$35)*AVERAGE($B$5:$B$35)*COUNT(M5:M35))*(1+M38) -> 0 | N40: =(N1*AVERAGE($C$5:$C$35)*AVERAGE($B$5:$B$35)*COUNT(N5:N35))*(1+N38) -> 0 | ... R40: =(R1*AVERAGE($C$5:$C$35)*AVERAGE($B$5:$B$35)*COUNT(R5:R35))*(1+R38) -> 46546.671 | S40: =SUM(G40:R40) -> 399804.26
S41: =SUM(S39:S40) -> 11816226
A42: Sum malertimer | G42: =G8*$D$8++G6*$D$6+G7*$D$7+G9*$D$9+G10*$D$10+G11*$D$11+G12*$D$12+$D$24*G24+$D$21*G21+$D$22*G22+$D$23*G23+$D$16*G16+$D$17*G17+$D$18*G18+$D$19*G19+$D$20*G20+$D$25*G25+$D$26*G26+$D$27*G27+$D$28*G28+$D$29*G29+$D$30*G30+$D$31*G31+$D$32*G32+$D$33*G33+$D$34*G34 -> 2432 | H42: =H8*$D$8++H6*$D$6+H7*$D$7+H9*$D$9+H10*$D$10+H11*$D$11+H12*$D$12+$D$24*H24+$D$21*H21+$D$22*H22+$D$23*H23+$D$16*H16+$D$17*H17+$D$18*H18+$D$19*H19+$D$20*H20+$D$25*H25+$D$26*H26+$D$27*H27+$D$28*H28+$D$29*H29+$D$30*H30+$D$31*H31+$D$32*H32+$D$33*H33+$D$34*H34 -> 2506.5 | I42: =I8*$D$8++I6*$D$6+I7*$D$7+I9*$D$9+I10*$D$10+I11*$D$11+I12*$D$12+$D$24*I24+$D$21*I21+$D$22*I22+$D$23*I23+$D$16*I16+$D$17*I17+$D$18*I18+$D$19*I19+$D$20*I20+$D$25*I25+$D$26*I26+$D$27*I27+$D$28*I28+$D$29*I29+$D$30*I30+$D$31*I31+$D$32*I32+$D$33*I33+$D$34*I34 -> 2757.15 | J42: =J8*$D$8++J6*$D$6+J7*$D$7+J9*$D$9+J10*$D$10+J11*$D$11+J12*$D$12+$D$24*J24+$D$21*J21+$D$22*J22+$D$23*J23+$D$16*J16+$D$17*J17+$D$18*J18+$D$19*J19+$D$20*J20+$D$25*J25+$D$26*J26+$D$27*J27+$D$28*J28+$D$29*J29+$D$30*J30+$D$31*J31+$D$32*J32+$D$33*J33+$D$34*J34 -> 2130.525 | K42: =K8*$D$8++K6*$D$6+K7*$D$7+K9*$D$9+K10*$D$10+K11*$D$11+K12*$D$12+$D$24*K24+$D$21*K21+$D$22*K22+$D$23*K23+$D$16*K16+$D$17*K17+$D$18*K18+$D$19*K19+$D$20*K20+$D$25*K25+$D$26*K26+$D$27*K27+$D$28*K28+$D$29*K29+$D$30*K30+$D$31*K31+$D$32*K32+$D$33*K33+$D$34*K34 -> 2808.675 | L42: =L8*$D$8++L6*$D$6+L7*$D$7+L9*$D$9+L10*$D$10+L11*$D$11+L12*$D$12+$D$24*L24+$D$21*L21+$D$22*L22+$D$23*L23+$D$16*L16+$D$17*L17+$D$18*L18+$D$19*L19+$D$20*L20+$D$25*L25+$D$26*L26+$D$27*L27+$D$28*L28+$D$29*L29+$D$30*L30+$D$31*L31+$D$32*L32+$D$33*L33+$D$34*L34 -> 2808.675 | M42: =M8*$D$8++M6*$D$6+M7*$D$7+M9*$D$9+M10*$D$10+M11*$D$11+M12*$D$12+$D$24*M24+$D$21*M21+$D$22*M22+$D$23*M23+$D$16*M16+$D$17*M17+$D$18*M18+$D$19*M19+$D$20*M20+$D$25*M25+$D$26*M26+$D$27*M27+$D$28*M28+$D$29*M29+$D$30*M30+$D$31*M31+$D$32*M32+$D$33*M33+$D$34*M34 -> 1478.25 | N42: =N8*$D$8++N6*$D$6+N7*$D$7+N9*$D$9+N10*$D$10+N11*$D$11+N12*$D$12+$D$24*N24+$D$21*N21+$D$22*N22+$D$23*N23+$D$16*N16+$D$17*N17+$D$18*N18+$D$19*N19+$D$20*N20+$D$25*N25+$D$26*N26+$D$27*N27+$D$28*N28+$D$29*N29+$D$30*N30+$D$31*N31+$D$32*N32+$D$33*N33+$D$34*N34 -> 2365.2 | ... R42: =R8*$D$8++R6*$D$6+R7*$D$7+R9*$D$9+R10*$D$10+R11*$D$11+R12*$D$12+$D$24*R24+$D$21*R21+$D$22*R22+$D$23*R23+$D$16*R16+$D$17*R17+$D$18*R18+$D$19*R19+$D$20*R20+$D$25*R25+$D$26*R26+$D$27*R27+$D$28*R28+$D$29*R29+$D$30*R30+$D$31*R31+$D$32*R32+$D$33*R33+$D$34*R34 -> 2238.675 | S42: =SUM(G42:R42) -> 29679.275
A43: Sum byggetimer | G43: =G5*$E$5+G6*$E$6+G7*$E$7+G9*$E$9+G10*$E$10+G11*$E$11+G12*$E$12+G35*$E$35+$E$13*G13+$E$14*G14+$E$15*G15+$E$16*G16+$E$17*G17+$E$18*G18+$E$19*G19+$E$20*G20 -> 780.5 | H43: =H5*$E$5+H6*$E$6+H7*$E$7+H9*$E$9+H10*$E$10+H11*$E$11+H12*$E$12+H35*$E$35+$E$13*H13+$E$14*H14+$E$15*H15+$E$16*H16+$E$17*H17+$E$18*H18+$E$19*H19+$E$20*H20 -> 958.5 | I43: =I5*$E$5+I6*$E$6+I7*$E$7+I9*$E$9+I10*$E$10+I11*$E$11+I12*$E$12+I35*$E$35+$E$13*I13+$E$14*I14+$E$15*I15+$E$16*I16+$E$17*I17+$E$18*I18+$E$19*I19+$E$20*I20 -> 1054.35 | J43: =J5*$E$5+J6*$E$6+J7*$E$7+J9*$E$9+J10*$E$10+J11*$E$11+J12*$E$12+J35*$E$35+$E$13*J13+$E$14*J14+$E$15*J15+$E$16*J16+$E$17*J17+$E$18*J18+$E$19*J19+$E$20*J20 -> 814.725 | K43: =K5*$E$5+K6*$E$6+K7*$E$7+K9*$E$9+K10*$E$10+K11*$E$11+K12*$E$12+K35*$E$35+$E$13*K13+$E$14*K14+$E$15*K15+$E$16*K16+$E$17*K17+$E$18*K18+$E$19*K19+$E$20*K20 -> 910.575 | L43: =L5*$E$5+L6*$E$6+L7*$E$7+L9*$E$9+L10*$E$10+L11*$E$11+L12*$E$12+L35*$E$35+$E$13*L13+$E$14*L14+$E$15*L15+$E$16*L16+$E$17*L17+$E$18*L18+$E$19*L19+$E$20*L20 -> 910.575 | M43: =M5*$E$5+M6*$E$6+M7*$E$7+M9*$E$9+M10*$E$10+M11*$E$11+M12*$E$12+M35*$E$35+$E$13*M13+$E$14*M14+$E$15*M15+$E$16*M16+$E$17*M17+$E$18*M18+$E$19*M19+$E$20*M20 -> 479.25 | N43: =N5*$E$5+N6*$E$6+N7*$E$7+N9*$E$9+N10*$E$10+N11*$E$11+N12*$E$12+N35*$E$35+$E$13*N13+$E$14*N14+$E$15*N15+$E$16*N16+$E$17*N17+$E$18*N18+$E$19*N19+$E$20*N20 -> 766.8 | ... R43: =R5*$E$5+R6*$E$6+R7*$E$7+R9*$E$9+R10*$E$10+R11*$E$11+R12*$E$12+R35*$E$35+$E$13*R13+$E$14*R14+$E$15*R15+$E$16*R16+$E$17*R17+$E$18*R18+$E$19*R19+$E$20*R20 -> 910.575 | S43: =SUM(G43:R43) -> 10700.975
A44: Sum adm. timer | G44: =G5*$F$5+G6*$F$6+G8*$F$8+G7*$F$7 -> 412.5 | H44: =H5*$F$5+H6*$F$6+H8*$F$8+H7*$F$7 -> 375 | I44: =I5*$F$5+I6*$F$6+I8*$F$8+I7*$F$7 -> 412.5 | J44: =J5*$F$5+J6*$F$6+J8*$F$8+J7*$F$7 -> 318.75 | K44: =K5*$F$5+K6*$F$6+K8*$F$8+K7*$F$7 -> 356.25 | L44: =L5*$F$5+L6*$F$6+L8*$F$8+L7*$F$7 -> 356.25 | M44: =M5*$F$5+M6*$F$6+M8*$F$8+M7*$F$7 -> 187.5 | N44: =N5*$F$5+N6*$F$6+N8*$F$8+N7*$F$7 -> 300 | ... R44: =R5*$F$5+R6*$F$6+R8*$F$8+R7*$F$7 -> 356.25 | S44: =SUM(G44:R44) -> 4293.75
S45: =SUM(S42:S44) -> 44674
G46: 1.1 | H46: 1.05 | I46: 1 | J46: 1 | K46: 1 | L46: 1 | M46: 1 | N46: 1.05 | O46: 1.05 | P46: 1.05 | Q46: 0.95 | R46: 0.95
A47: Inntekter malerarbeid | B47: 700 | C47: 0.94 | G47: =G42*$B47*G46*$C47 -> 1760281.6 | H47: =H42*$B47*H46*$C47 -> 1731740.8 | I47: =I42*$B47*I46*$C47 -> 1814204.7 | J47: =J42*$B47*J46*$C47 -> 1401885.4 | K47: =K42*$B47*K46*$C47 -> 1848108.2 | L47: =L42*$B47*L46*$C47 -> 1848108.2 | M47: =M42*$B47*M46*$C47 -> 972688.5 | N47: =N42*$B47*N46*$C47 -> 1634116.7 | ... R47: =R42*$B47*R46*$C47 -> 1399395.7 | S47: =SUM(G47:R47) -> 19881059
A48: Inntekter byggearbeid | B48: 760 | C48: 0.94 | G48: =G43*$B48*G46*$C48 -> 613348.12 | H48: =H43*$B48*H46*$C48 -> 718990.02 | I48: =I43*$B48*I46*$C48 -> 753227.64 | J48: =J43*$B48*J46*$C48 -> 582039.54 | K48: =K43*$B48*K46*$C48 -> 650514.78 | L48: =L43*$B48*L46*$C48 -> 650514.78 | M48: =M43*$B48*M46*$C48 -> 342376.2 | N48: =N43*$B48*N46*$C48 -> 575192.02 | ... R48: =R43*$B48*R46*$C48 -> 617989.04 | S48: =SUM(G48:R48) -> 7769010.7
A49: Inntekter maler- og byggearbeid | G49: =SUM(G47:G48) -> 2373629.7 | H49: =SUM(H47:H48) -> 2450730.9 | I49: =SUM(I47:I48) -> 2567432.3 | J49: =SUM(J47:J48) -> 1983925 | K49: =SUM(K47:K48) -> 2498622.9 | L49: =SUM(L47:L48) -> 2498622.9 | M49: =SUM(M47:M48) -> 1315064.7 | N49: =SUM(N47:N48) -> 2209308.7 | ... S49: =SUM(S47:S48) -> 27650069
A50: ,
I54: =I39/I37 -> 250.39333 | K54: =K39/K37 -> 253.08852 | L54: =L39/L37 -> 253.08852
K55: =K54/I54 -> 1.0107638

Sheet Fritzøe - forutsetn
A1: Forutsetninger omsetning og lønn
G2: 1 | H2: 0 | I2: 0 | J2: 3 | K2: 2 | L2: 1 | M2: 0 | N2: 0 | O2: 0 | P2: 0 | Q2: 0 | R2: 1 | S2: =SUM(G2:R2) -> 8 | T2: Bev Helligd
G3: 22 | H3: 20 | I3: 22 | J3: 19 | K3: 19 | L3: 21 | M3: 23 | N3: 21 | O3: 22 | P3: 22 | Q3: 21 | R3: 22 | S3: =SUM(G3:R3) -> 254 | T3: Arbeidsdager
J4: 2 | L4: 2 | M4: 13 | N4: 5 | R4: 3 | S4: =SUM(G4:R4) -> 25 | T4: feriedager
B5: Sats | C5: Snitt Dagtimer | D5: Adm | E5: Bygg | F5: Serv | G5: Jan | H5: Feb | I5: Mar | J5: Apr | K5: Mai | L5: Jun | M5: Jul | N5: Aug | O5: Sep | P5: Okt | Q5: Nov | R5: Des | S5: Total
A6: FRITZØE, HANS PETTER | B6: =720000/12/162.5 -> 369.23077 | C6: 7.5 | D6: 1 | G6: =(G$3-G$4)*$C6 -> 165 | H6: =(H$3-H$4)*$C6 -> 150 | I6: =(I$3-I$4)*$C6 -> 165 | J6: =(J$3-J$4)*$C6 -> 127.5 | K6: =(K$3-K$4)*$C6 -> 142.5 | L6: =(L$3-L$4)*$C6 -> 142.5 | M6: =(M$3-M$4)*$C6 -> 75 | N6: =(N$3-N$4)*$C6 -> 120 | ... R6: =(R$3-R$4)*$C6 -> 142.5 | S6: =SUM(G6:R6) -> 1717.5
A7: FREDRIK HAAGENSEN | B7: =630000/12/162.5 -> 323.07692 | C7: 7.5 | D7: 1 | G7: =(G$3-G$4)*$C7 -> 165 | H7: =(H$3-H$4)*$C7 -> 150 | I7: =(I$3-I$4)*$C7 -> 165 | J7: =(J$3-J$4)*$C7 -> 127.5 | K7: =(K$3-K$4)*$C7 -> 142.5 | L7: =(L$3-L$4)*$C7 -> 142.5 | M7: =(M$3-M$4)*$C7 -> 75 | N7: =(N$3-N$4)*$C7 -> 120 | ... R7: =(R$3-R$4)*$C7 -> 142.5 | S7: =SUM(G7:R7) -> 1717.5
A8: ROGER VILHELMSEN | B8: =600000/12/162.5 -> 307.69231 | C8: 7.5 | D8: 0.7 | E8: 0.3 | G8: =(G$3-G$4)*$C8 -> 165 | H8: =(H$3-H$4)*$C8 -> 150 | I8: =(I$3-I$4)*$C8 -> 165 | J8: =(J$3-J$4)*$C8 -> 127.5 | K8: =(K$3-K$4)*$C8 -> 142.5 | L8: =(L$3-L$4)*$C8 -> 142.5 | M8: =(M$3-M$4)*$C8 -> 75 | N8: =(N$3-N$4)*$C8 -> 120 | ... R8: =(R$3-R$4)*$C8 -> 142.5 | S8: =SUM(G8:R8) -> 1717.5
A9: MORTEN SANDVIK | B9: =261+(6500/162.5) -> 301 | C9: 7.5 | D9: 0.4 | E9: 0.6 | G9: =(G$3-G$4)*$C9 -> 165 | H9: =(H$3-H$4)*$C9 -> 150 | I9: =(I$3-I$4)*$C9 -> 165 | J9: =(J$3-J$4)*$C9 -> 127.5 | K9: =(K$3-K$4)*$C9 -> 142.5 | L9: =(L$3-L$4)*$C9 -> 142.5 | M9: =(M$3-M$4)*$C9 -> 75 | N9: =(N$3-N$4)*$C9 -> 120 | ... R9: =(R$3-R$4)*$C9 -> 142.5 | S9: =SUM(G9:R9) -> 1717.5
A10: TORE BORGEN | B10: =256+(2000/162.5) -> 268.30769 | C10: 7.5 | E10: 1 | G10: =(G$3-G$4)*$C10 -> 165 | H10: =(H$3-H$4)*$C10 -> 150 | I10: =(I$3-I$4)*$C10 -> 165 | J10: =(J$3-J$4)*$C10 -> 127.5 | K10: =(K$3-K$4)*$C10 -> 142.5 | L10: =(L$3-L$4)*$C10 -> 142.5 | M10: =(M$3-M$4)*$C10 -> 75 | N10: =(N$3-N$4)*$C10 -> 120 | ... R10: =(R$3-R$4)*$C10 -> 142.5 | S10: =SUM(G10:R10) -> 1717.5
A11: ROY ATLE HANSEN | B11: =261+(3500/162.5) -> 282.53846 | C11: 7.5 | E11: 1 | G11: =(G$3-G$4)*$C11 -> 165 | H11: =(H$3-H$4)*$C11 -> 150 | I11: =(I$3-I$4)*$C11 -> 165 | J11: =(J$3-J$4)*$C11 -> 127.5 | K11: =(K$3-K$4)*$C11 -> 142.5 | L11: =(L$3-L$4)*$C11 -> 142.5 | M11: =(M$3-M$4)*$C11 -> 75 | N11: =(N$3-N$4)*$C11 -> 120 | ... R11: =(R$3-R$4)*$C11 -> 142.5 | S11: =SUM(G11:R11) -> 1717.5
A12: ALEXANDERSEN, JAN ERIK | B12: =256+3500/162.5 -> 277.53846 | C12: 7.5 | E12: 1 | G12: =(G$3-G$4)*$C12 -> 165 | H12: =(H$3-H$4)*$C12 -> 150 | I12: =(I$3-I$4)*$C12 -> 165 | J12: =(J$3-J$4)*$C12 -> 127.5 | K12: =(K$3-K$4)*$C12 -> 142.5 | L12: =(L$3-L$4)*$C12 -> 142.5 | M12: =(M$3-M$4)*$C12 -> 75 | N12: =(N$3-N$4)*$C12 -> 120 | ... R12: =(R$3-R$4)*$C12 -> 142.5 | S12: =SUM(G12:R12) -> 1717.5
A13: DAG OLAV GÅRDER | B13: =261+15 -> 276 | C13: 7.5 | E13: 1 | I13: =(I$3-I$4)*$C13 -> 165 | J13: =(J$3-J$4)*$C13 -> 127.5 | K13: =(K$3-K$4)*$C13 -> 142.5 | L13: =(L$3-L$4)*$C13 -> 142.5 | M13: =(M$3-M$4)*$C13 -> 75 | N13: =(N$3-N$4)*$C13 -> 120 | O13: =(O$3-O$4)*$C13 -> 165 | P13: =(P$3-P$4)*$C13 -> 165 | ... R13: =(R$3-R$4)*$C13 -> 142.5 | S13: =SUM(G13:R13) -> 1402.5
A14: JOAKIM STORSTEIN SKAGEN | B14: 233 | C14: 7.5 | E14: 1 | G14: =(G$3-G$4)*$C14 -> 165 | H14: =(H$3-H$4)*$C14 -> 150 | I14: =(I$3-I$4)*$C14 -> 165 | J14: =(J$3-J$4)*$C14 -> 127.5 | K14: =(K$3-K$4)*$C14 -> 142.5 | L14: =(L$3-L$4)*$C14 -> 142.5 | M14: =(M$3-M$4)*$C14 -> 75 | N14: =(N$3-N$4)*$C14 -> 120 | ... R14: =(R$3-R$4)*$C14 -> 142.5 | S14: =SUM(G14:R14) -> 1717.5
A15: HANS OLAV AAKRE | B15: 257 | C15: 7.5 | E15: 1 | G15: =(G$3-G$4)*$C15 -> 165 | H15: =(H$3-H$4)*$C15 -> 150 | I15: =(I$3-I$4)*$C15 -> 165 | J15: =(J$3-J$4)*$C15 -> 127.5 | K15: =(K$3-K$4)*$C15 -> 142.5 | L15: =(L$3-L$4)*$C15 -> 142.5 | M15: =(M$3-M$4)*$C15 -> 75 | N15: =(N$3-N$4)*$C15 -> 120 | ... R15: =(R$3-R$4)*$C15 -> 142.5 | S15: =SUM(G15:R15) -> 1717.5
A16: FREDRIK KARLSEN | B16: 233 | C16: 7.5 | E16: 1 | G16: =(G$3-G$4)*$C16 -> 165 | H16: =(H$3-H$4)*$C16 -> 150 | I16: =(I$3-I$4)*$C16 -> 165 | J16: =(J$3-J$4)*$C16 -> 127.5 | K16: =(K$3-K$4)*$C16 -> 142.5 | L16: =(L$3-L$4)*$C16 -> 142.5 | M16: =(M$3-M$4)*$C16 -> 75 | N16: =(N$3-N$4)*$C16 -> 120 | ... R16: =(R$3-R$4)*$C16 -> 142.5 | S16: =SUM(G16:R16) -> 1717.5
A17: PAWEL LISIAK | B17: 250 | C17: 7.5 | E17: 1 | G17: =(G$3-G$4)*$C17 -> 165 | H17: =(H$3-H$4)*$C17 -> 150 | I17: =(I$3-I$4)*$C17 -> 165 | J17: =(J$3-J$4)*$C17 -> 127.5 | K17: =(K$3-K$4)*$C17 -> 142.5 | L17: =(L$3-L$4)*$C17 -> 142.5 | M17: =(M$3-M$4)*$C17 -> 75 | N17: =(N$3-N$4)*$C17 -> 120 | ... R17: =(R$3-R$4)*$C17 -> 142.5 | S17: =SUM(G17:R17) -> 1717.5
A18: BJARNE DANIELSEN | B18: 256 | C18: 7.5 | E18: 1 | G18: 60 | H18: =(H$3-H$4)*$C18 -> 150 | I18: =(I$3-I$4)*$C18 -> 165 | J18: =(J$3-J$4)*$C18 -> 127.5 | K18: =(K$3-K$4)*$C18 -> 142.5 | L18: =(L$3-L$4)*$C18+15 -> 157.5 | M18: =(M$3-M$4)*$C18+75 -> 150 | N18: =(N$3-N$4)*$C18 -> 120 | O18: =(O$3-O$4)*$C18 -> 165 | P18: =(P$3-P$4)*$C18 -> 165 | Q18: =(Q$3-Q$4)*$C18 -> 157.5 | R18: =(R$3-R$4)*$C18 -> 142.5 | S18: =SUM(G18:R18) -> 1702.5
A19: OLE BERG | B19: 220 | C19: 7.5 | E19: 1 | G19: =(G$3-G$4)*$C19 -> 165 | H19: =(H$3-H$4)*$C19 -> 150 | I19: =(I$3-I$4)*$C19 -> 165 | J19: =(J$3-J$4)*$C19 -> 127.5 | K19: =(K$3-K$4)*$C19 -> 142.5 | L19: =(L$3-L$4)*$C19 -> 142.5 | M19: =(M$3-M$4)*$C19 -> 75 | N19: =(N$3-N$4)*$C19 -> 120 | ... R19: =(R$3-R$4)*$C19 -> 142.5 | S19: =SUM(G19:R19) -> 1717.5
A20: AIN VABRIT | B20: 248 | C20: 7.5 | E20: 1 | G20: =(G$3-G$4)*$C20 -> 165 | H20: =(H$3-H$4)*$C20 -> 150 | I20: =(I$3-I$4)*$C20 -> 165 | J20: =(J$3-J$4)*$C20 -> 127.5 | K20: =(K$3-K$4)*$C20 -> 142.5 | L20: =(L$3-L$4)*$C20 -> 142.5 | M20: =(M$3-M$4)*$C20 -> 75 | N20: =(N$3-N$4)*$C20 -> 120 | ... R20: =(R$3-R$4)*$C20 -> 142.5 | S20: =SUM(G20:R20) -> 1717.5
A21: MARKO METSALA | B21: 244 | C21: 7.5 | E21: 1 | G21: =(G$3-G$4)*$C21 -> 165 | H21: =(H$3-H$4)*$C21 -> 150 | I21: =(I$3-I$4)*$C21 -> 165 | J21: =(J$3-J$4)*$C21 -> 127.5 | K21: =(K$3-K$4)*$C21 -> 142.5 | L21: =(L$3-L$4)*$C21 -> 142.5 | M21: =(M$3-M$4)*$C21 -> 75 | N21: =(N$3-N$4)*$C21 -> 120 | ... R21: =(R$3-R$4)*$C21 -> 142.5 | S21: =SUM(G21:R21) -> 1717.5
A22: MARTIN HÅVARDSEN | B22: 253 | C22: 7.5 | E22: 1 | G22: =(G$3-G$4)*$C22 -> 165 | H22: =(H$3-H$4)*$C22 -> 150 | I22: =(I$3-I$4)*$C22 -> 165 | J22: =(J$3-J$4)*$C22 -> 127.5 | K22: =(K$3-K$4)*$C22 -> 142.5 | L22: =(L$3-L$4)*$C22 -> 142.5 | M22: =(M$3-M$4)*$C22 -> 75 | N22: =(N$3-N$4)*$C22 -> 120 | ... R22: =(R$3-R$4)*$C22 -> 142.5 | S22: =SUM(G22:R22) -> 1717.5
A23: DANIEL UMBRES | B23: 240 | C23: 7.5 | E23: 1 | G23: =(G$3-G$4)*$C23 -> 165 | H23: =(H$3-H$4)*$C23 -> 150 | I23: =(I$3-I$4)*$C23 -> 165 | J23: =(J$3-J$4)*$C23 -> 127.5 | K23: =(K$3-K$4)*$C23 -> 142.5 | L23: =(L$3-L$4)*$C23 -> 142.5 | M23: =(M$3-M$4)*$C23 -> 75 | N23: =(N$3-N$4)*$C23 -> 120 | ... R23: =(R$3-R$4)*$C23 -> 142.5 | S23: =SUM(G23:R23) -> 1717.5
A24: THOMAS HÅVARDSEN | B24: 253 | C24: 7.5 | E24: 1 | G24: =(G$3-G$4)*$C24 -> 165 | H24: =(H$3-H$4)*$C24 -> 150 | I24: =(I$3-I$4)*$C24 -> 165 | J24: =(J$3-J$4)*$C24 -> 127.5 | K24: =(K$3-K$4)*$C24 -> 142.5 | L24: =(L$3-L$4)*$C24 -> 142.5 | M24: =(M$3-M$4)*$C24 -> 75 | N24: =(N$3-N$4)*$C24 -> 120 | ... R24: =(R$3-R$4)*$C24 -> 142.5 | S24: =SUM(G24:R24) -> 1717.5
A25: SEBASTIAN SIMONSEN | B25: 233 | C25: 7.5 | E25: 1 | G25: 120 | H25: =(H$3-H$4)*$C25 -> 150 | I25: =(I$3-I$4)*$C25 -> 165 | J25: =(J$3-J$4)*$C25 -> 127.5 | K25: =(K$3-K$4)*$C25 -> 142.5 | L25: =(L$3-L$4)*$C25 -> 142.5 | M25: =(M$3-M$4)*$C25 -> 75 | N25: =(N$3-N$4)*$C25 -> 120 | O25: =(O$3-O$4)*$C25 -> 165 | ... R25: =(R$3-R$4)*$C25 -> 142.5 | S25: =SUM(G25:R25) -> 1672.5
A26: ANDREAS SKOGHEIM | B26: 239 | C26: 7.5 | E26: 1 | G26: =(G$3-G$4)*$C26 -> 165 | H26: =(H$3-H$4)*$C26 -> 150 | I26: =(I$3-I$4)*$C26 -> 165 | J26: =(J$3-J$4)*$C26 -> 127.5 | K26: =(K$3-K$4)*$C26 -> 142.5 | L26: =(L$3-L$4)*$C26 -> 142.5 | M26: =(M$3-M$4)*$C26 -> 75 | N26: =(N$3-N$4)*$C26 -> 120 | ... R26: =(R$3-R$4)*$C26 -> 142.5 | S26: =SUM(G26:R26) -> 1717.5
A27: DANIEL FREJUS | B27: 248 | C27: 7.5 | E27: 1 | G27: =(G$3-G$4)*$C27 -> 165 | H27: =(H$3-H$4)*$C27 -> 150 | I27: =(I$3-I$4)*$C27 -> 165 | J27: =(J$3-J$4)*$C27 -> 127.5 | K27: =(K$3-K$4)*$C27 -> 142.5 | L27: =(L$3-L$4)*$C27 -> 142.5 | M27: =(M$3-M$4)*$C27 -> 75 | N27: =(N$3-N$4)*$C27 -> 120 | ... R27: =(R$3-R$4)*$C27 -> 142.5 | S27: =SUM(G27:R27) -> 1717.5
A28: TORE HAUBAKK | B28: 257 | C28: 7.5 | E28: 1 | G28: =(G$3-G$4)*$C28 -> 165 | H28: =(H$3-H$4)*$C28 -> 150 | I28: =(I$3-I$4)*$C28 -> 165 | J28: =(J$3-J$4)*$C28 -> 127.5 | K28: =(K$3-K$4)*$C28 -> 142.5 | L28: =(L$3-L$4)*$C28 -> 142.5 | M28: =(M$3-M$4)*$C28 -> 75 | N28: =(N$3-N$4)*$C28 -> 120 | ... R28: =(R$3-R$4)*$C28 -> 142.5 | S28: =SUM(G28:R28) -> 1717.5
A29: TOMASZ KUDZIA | B29: 248 | C29: 7.5 | E29: 1 | G29: 145 | H29: =(H$3-H$4)*$C29 -> 150 | I29: =(I$3-I$4)*$C29 -> 165 | J29: =(J$3-J$4)*$C29 -> 127.5 | K29: =(K$3-K$4)*$C29 -> 142.5 | L29: =(L$3-L$4)*$C29 -> 142.5 | M29: =(M$3-M$4)*$C29 -> 75 | N29: =(N$3-N$4)*$C29 -> 120 | O29: =(O$3-O$4)*$C29 -> 165 | P29: =(P$3-P$4)*$C29 -> 165 | S29: =SUM(G29:R29) -> 1397.5
A30: GLENN-JØRGEN | B30: 257 | C30: 7.5 | E30: 1 | I30: =(I$3-I$4)*$C30-37.5 -> 127.5 | J30: =(J$3-J$4)*$C30 -> 127.5 | K30: =(K$3-K$4)*$C30 -> 142.5 | L30: =(L$3-L$4)*$C30 -> 142.5 | M30: =(M$3-M$4)*$C30 -> 75 | N30: =(N$3-N$4)*$C30 -> 120 | O30: =(O$3-O$4)*$C30 -> 165 | P30: =(P$3-P$4)*$C30 -> 165 | Q30: =(Q$3-Q$4)*$C30 -> 157.5 | R30: =(R$3-R$4)*$C30 -> 142.5 | S30: =SUM(G30:R30) -> 1365
A31: SANDER NIKOLAISEN | B31: 220 | C31: 7.5 | E31: 1 | G31: =(G$3-G$4)*$C31 -> 165 | H31: =(H$3-H$4)*$C31 -> 150 | I31: =(I$3-I$4)*$C31 -> 165 | J31: =(J$3-J$4)*$C31 -> 127.5 | K31: =(K$3-K$4)*$C31 -> 142.5 | L31: =(L$3-L$4)*$C31 -> 142.5 | M31: =(M$3-M$4)*$C31 -> 75 | N31: =(N$3-N$4)*$C31 -> 120 | ... R31: =(R$3-R$4)*$C31 -> 142.5 | S31: =SUM(G31:R31) -> 1717.5
A32: ANDREAS HILMARSEN | B32: 238 | C32: 7.5 | E32: 1 | G32: =(G$3-G$4)*$C32 -> 165 | H32: =(H$3-H$4)*$C32 -> 150 | I32: =(I$3-I$4)*$C32 -> 165 | J32: =(J$3-J$4)*$C32 -> 127.5 | K32: =(K$3-K$4)*$C32 -> 142.5 | L32: =(L$3-L$4)*$C32 -> 142.5 | M32: =(M$3-M$4)*$C32 -> 75 | N32: =(N$3-N$4)*$C32 -> 120 | ... R32: =(R$3-R$4)*$C32 -> 142.5 | S32: =SUM(G32:R32) -> 1717.5
A33: ARSIM HOTI | B33: =250+1500/162.5 -> 259.23077 | C33: 7.5 | E33: 1 | G33: =(G$3-G$4)*$C33 -> 165 | H33: =(H$3-H$4)*$C33 -> 150 | I33: =(I$3-I$4)*$C33 -> 165 | J33: =(J$3-J$4)*$C33 -> 127.5 | K33: =(K$3-K$4)*$C33 -> 142.5 | L33: =(L$3-L$4)*$C33 -> 142.5 | M33: =(M$3-M$4)*$C33 -> 75 | N33: =(N$3-N$4)*$C33 -> 120 | ... R33: =(R$3-R$4)*$C33 -> 142.5 | S33: =SUM(G33:R33) -> 1717.5
A34: AHMAD/GIATH | B34: 0 | C34: 9 | E34: 1 | G34: =(G$3-G$4)*$C34 -> 198 | H34: =(H$3-H$4)*$C34 -> 180 | I34: =(I$3-I$4)*$C34 -> 198 | J34: =(J$3-J$4)*$C34 -> 153 | S34: =SUM(G34:R34) -> 729
A35: AHMAD/GIATH ANSETTELSE | B35: 130 | C35: 15 | E35: 1 | K35: =(K$3-K$4)*$C35 -> 285 | L35: =(L$3-L$4)*$C35 -> 285 | M35: =(M$3-M$4)*$C35 -> 150 | N35: =(N$3-N$4)*$C35 -> 240 | O35: =(O$3-O$4)*$C35 -> 330 | P35: =(P$3-P$4)*$C35 -> 330 | S35: =SUM(G35:R35) -> 1620
A36: HUSAM ALTINAWI | B36: 230 | C36: 7.5 | E36: 1 | G36: =(G$3-G$4)*$C36 -> 165 | H36: =(H$3-H$4)*$C36 -> 150 | I36: =(I$3-I$4)*$C36 -> 165 | J36: =(J$3-J$4)*$C36 -> 127.5 | K36: =(K$3-K$4)*$C36 -> 142.5 | L36: =(L$3-L$4)*$C36 -> 142.5 | M36: =(M$3-M$4)*$C36 -> 75 | N36: =(N$3-N$4)*$C36 -> 120 | ... R36: =(R$3-R$4)*$C36 -> 142.5 | S36: =SUM(G36:R36) -> 1717.5
A37: KAMIL ZUWALA | B37: 210 | C37: 7.5 | E37: 1 | G37: =(G$3-G$4)*$C37 -> 165 | H37: =(H$3-H$4)*$C37 -> 150 | I37: =(I$3-I$4)*$C37 -> 165 | J37: =(J$3-J$4)*$C37 -> 127.5 | K37: =(K$3-K$4)*$C37 -> 142.5 | L37: =(L$3-L$4)*$C37 -> 142.5 | M37: =(M$3-M$4)*$C37 -> 75 | N37: =(N$3-N$4)*$C37 -> 120 | ... P37: =(P$3-P$4)*$C37 -> 165 | S37: =SUM(G37:R37) -> 1417.5
A38: RASHID ALISSA | B38: 130 | C38: 7.5 | E38: 1 | G38: 50 | H38: =(H$3-H$4)*$C38 -> 150 | I38: =(I$3-I$4)*$C38 -> 165 | J38: =(J$3-J$4)*$C38 -> 127.5 | K38: =(K$3-K$4)*$C38 -> 142.5 | L38: =(L$3-L$4)*$C38 -> 142.5 | M38: =(M$3-M$4)*$C38 -> 75 | N38: =(N$3-N$4)*$C38 -> 120 | O38: =(O$3-O$4)*$C38 -> 165 | P38: =(P$3-P$4)*$C38 -> 165 | S38: =SUM(G38:R38) -> 1302.5
A39: Utemaler ØBRL | B39: 190 | C39: 7.5 | E39: 1 | K39: =(K$3-K$4)*$C39 -> 142.5 | L39: =(L$3-L$4)*$C39 -> 142.5 | M39: =(M$3-M$4)*$C39 -> 75 | N39: =(N$3-N$4)*$C39 -> 120 | O39: =(O$3-O$4)*$C39 -> 165 | S39: =SUM(G39:R39) -> 645
A40: Utemaler ØBRL | B40: 190 | C40: 7.5 | E40: 1 | K40: =(K$3-K$4)*$C40 -> 142.5 | L40: =(L$3-L$4)*$C40 -> 142.5 | M40: =(M$3-M$4)*$C40 -> 75 | N40: =(N$3-N$4)*$C40 -> 120 | O40: =(O$3-O$4)*$C40 -> 165 | S40: =SUM(G40:R40) -> 645
A41: ASTRID WENSETH KURE | B41: 204 | C41: 7.5 | E41: 1 | G41: =(G$3-G$4)*$C41-58.5 -> 106.5 | H41: =(H$3-H$4)*$C41*0.8 -> 120 | I41: =(I$3-I$4)*$C41*0.9 -> 148.5 | J41: =(J$3-J$4)*$C41 -> 127.5 | K41: =(K$3-K$4)*$C41 -> 142.5 | L41: =(L$3-L$4)*$C41 -> 142.5 | M41: =(M$3-M$4)*$C41 -> 75 | N41: =(N$3-N$4)*$C41 -> 120 | O41: =(O$3-O$4)*$C41 -> 165 | P41: =(P$3-P$4)*$C41 -> 165 | Q41: =(Q$3-Q$4)*$C41 -> 157.5 | R41: =(R$3-R$4)*$C41 -> 142.5 | S41: =SUM(G41:R41) -> 1612.5
A42: ALEKSANDER VEINAN | B42: 220 | C42: 7.5 | E42: 1 | G42: =(G$3-G$4)*$C42 -> 165 | H42: 112.5 | S42: =SUM(G42:R42) -> 277.5
A43: Sum ordinære timer | G43: =SUM(G6:G42) -> 4969.5 | H43: =SUM(H6:H42) -> 4762.5 | I43: =SUM(I6:I42) -> 5424 | J43: =SUM(J6:J42) -> 4233 | K43: =SUM(K6:K42) -> 5130 | L43: =SUM(L6:L42) -> 5145 | M43: =SUM(M6:M42) -> 2775 | N43: =SUM(N6:N42) -> 4320 | ... S43: =SUM(S6:S42) -> 57009
J44: 0.03 | K44: =J44 -> 0.03 | L44: =K44 -> 0.03 | M44: =L44 -> 0.03 | N44: =M44 -> 0.03 | O44: =N44 -> 0.03 | P44: =O44 -> 0.03 | Q44: =P44 -> 0.03 | R44: =Q44 -> 0.03
A45: Sum lønn før sosiale kostnader | G45: =(G6*$B$6+G7*$B$7+G8*$B$8+G9*$B$9+G10*$B$10+G31*$B$31+G11*$B$11+G12*$B$12+G13*$B$13+G14*$B$14+G15*$B$15+G16*$B$16+G17*$B$17+G18*$B$18+G19*$B$19+G20*$B$20+G21*$B$21+G22*$B$22+G23*$B$23+G24*$B$24+G25*$B$25+G26*$B$26+G27*$B$27+G28*$B$28+G29*$B$29+$B$30*G30+$B$32*G32+G33*$B$33+G34*$B$34+G35*$B$35+G36*$B$36+G37*$B$37+G38*$B$38+G39*$B$39+G40*$B$40+G41*$B$41+G42*$B$42)*(1+G44) -> 1209972.5 | H45: =(H6*$B$6+H7*$B$7+H8*$B$8+H9*$B$9+H10*$B$10+H31*$B$31+H11*$B$11+H12*$B$12+H13*$B$13+H14*$B$14+H15*$B$15+H16*$B$16+H17*$B$17+H18*$B$18+H19*$B$19+H20*$B$20+H21*$B$21+H22*$B$22+H23*$B$23+H24*$B$24+H25*$B$25+H26*$B$26+H27*$B$27+H28*$B$28+H29*$B$29+$B$30*H30+$B$32*H32+H33*$B$33+H34*$B$34+H35*$B$35+H36*$B$36+H37*$B$37+H38*$B$38+H39*$B$39+H40*$B$40+H41*$B$41+H42*$B$42)*(1+H44) -> 1148522.3 | I45: =(I6*$B$6+I7*$B$7+I8*$B$8+I9*$B$9+I10*$B$10+I31*$B$31+I11*$B$11+I12*$B$12+I13*$B$13+I14*$B$14+I15*$B$15+I16*$B$16+I17*$B$17+I18*$B$18+I19*$B$19+I20*$B$20+I21*$B$21+I22*$B$22+I23*$B$23+I24*$B$24+I25*$B$25+I26*$B$26+I27*$B$27+I28*$B$28+I29*$B$29+$B$30*I30+$B$32*I32+I33*$B$33+I34*$B$34+I35*$B$35+I36*$B$36+I37*$B$37+I38*$B$38+I39*$B$39+I40*$B$40+I41*$B$41+I42*$B$42)*(1+I44) -> 1317823 | J45: =(J6*$B$6+J7*$B$7+J8*$B$8+J9*$B$9+J10*$B$10+J31*$B$31+J11*$B$11+J12*$B$12+J13*$B$13+J14*$B$14+J15*$B$15+J16*$B$16+J17*$B$17+J18*$B$18+J19*$B$19+J20*$B$20+J21*$B$21+J22*$B$22+J23*$B$23+J24*$B$24+J25*$B$25+J26*$B$26+J27*$B$27+J28*$B$28+J29*$B$29+$B$30*J30+$B$32*J32+J33*$B$33+J34*$B$34+J35*$B$35+J36*$B$36+J37*$B$37+J38*$B$38+J39*$B$39+J40*$B$40+J41*$B$41+J42*$B$42)*(1+J44) -> 1059216.9 | K45: =(K6*$B$6+K7*$B$7+K8*$B$8+K9*$B$9+K10*$B$10+K31*$B$31+K11*$B$11+K12*$B$12+K13*$B$13+K14*$B$14+K15*$B$15+K16*$B$16+K17*$B$17+K18*$B$18+K19*$B$19+K20*$B$20+K21*$B$21+K22*$B$22+K23*$B$23+K24*$B$24+K25*$B$25+K26*$B$26+K27*$B$27+K28*$B$28+K29*$B$29+$B$30*K30+$B$32*K32+K33*$B$33+K34*$B$34+K35*$B$35+K36*$B$36+K37*$B$37+K38*$B$38+K39*$B$39+K40*$B$40+K41*$B$41+K42*$B$42)*(1+K44) -> 1277766.7 | L45: =(L6*$B$6+L7*$B$7+L8*$B$8+L9*$B$9+L10*$B$10+L31*$B$31+L11*$B$11+L12*$B$12+L13*$B$13+L14*$B$14+L15*$B$15+L16*$B$16+L17*$B$17+L18*$B$18+L19*$B$19+L20*$B$20+L21*$B$21+L22*$B$22+L23*$B$23+L24*$B$24+L25*$B$25+L26*$B$26+L27*$B$27+L28*$B$28+L29*$B$29+$B$30*L30+$B$32*L32+L33*$B$33+L34*$B$34+L35*$B$35+L36*$B$36+L37*$B$37+L38*$B$38+L39*$B$39+L40*$B$40+L41*$B$41+L42*$B$42)*(1+L44) -> 1281721.9 | M45: =(M6*$B$6+M7*$B$7+M8*$B$8+M9*$B$9+M10*$B$10+M31*$B$31+M11*$B$11+M12*$B$12+M13*$B$13+M14*$B$14+M15*$B$15+M16*$B$16+M17*$B$17+M18*$B$18+M19*$B$19+M20*$B$20+M21*$B$21+M22*$B$22+M23*$B$23+M24*$B$24+M25*$B$25+M26*$B$26+M27*$B$27+M28*$B$28+M29*$B$29+$B$30*M30+$B$32*M32+M33*$B$33+M34*$B$34+M35*$B$35+M36*$B$36+M37*$B$37+M38*$B$38+M39*$B$39+M40*$B$40+M41*$B$41+M42*$B$42)*(1+M44) -> 692284.79 | N45: =(N6*$B$6+N7*$B$7+N8*$B$8+N9*$B$9+N10*$B$10+N31*$B$31+N11*$B$11+N12*$B$12+N13*$B$13+N14*$B$14+N15*$B$15+N16*$B$16+N17*$B$17+N18*$B$18+N19*$B$19+N20*$B$20+N21*$B$21+N22*$B$22+N23*$B$23+N24*$B$24+N25*$B$25+N26*$B$26+N27*$B$27+N28*$B$28+N29*$B$29+$B$30*N30+$B$32*N32+N33*$B$33+N34*$B$34+N35*$B$35+N36*$B$36+N37*$B$37+N38*$B$38+N39*$B$39+N40*$B$40+N41*$B$41+N42*$B$42)*(1+N44) -> 1076014.1 | ... R45: =(R6*$B$6+R7*$B$7+R8*$B$8+R9*$B$9+R10*$B$10+R31*$B$31+R11*$B$11+R12*$B$12+R13*$B$13+R14*$B$14+R15*$B$15+R16*$B$16+R17*$B$17+R18*$B$18+R19*$B$19+R20*$B$20+R21*$B$21+R22*$B$22+R23*$B$23+R24*$B$24+R25*$B$25+R26*$B$26+R27*$B$27+R28*$B$28+R29*$B$29+$B$30*R30+$B$32*R32+R33*$B$33+R34*$B$34+R35*$B$35+R36*$B$36+R37*$B$37+R38*$B$38+R39*$B$39+R40*$B$40+R41*$B$41+R42*$B$42)*(1+R44) -> 1097527 | S45: =SUM(G45:R45) -> 14268363
A46: Lønnskost helligdager | G46: =(G2*AVERAGE($C$6:$C$32)*COUNT(G6:G32)*AVERAGE($B$6:$B$32))*(1+G44) -> 48836.004 | H46: =(H2*AVERAGE($C$6:$C$32)*COUNT(H6:H32)*AVERAGE($B$6:$B$32))*(1+H44) -> 0 | I46: =(I2*AVERAGE($C$6:$C$32)*COUNT(I6:I32)*AVERAGE($B$6:$B$32))*(1+I44) -> 0 | J46: =(J2*AVERAGE($C$6:$C$32)*COUNT(J6:J32)*AVERAGE($B$6:$B$32))*(1+J44) -> 162975.51 | K46: =(K2*AVERAGE($C$6:$C$32)*COUNT(K6:K32)*AVERAGE($B$6:$B$32))*(1+K44) -> 108650.34 | L46: =(L2*AVERAGE($C$6:$C$32)*COUNT(L6:L32)*AVERAGE($B$6:$B$32))*(1+L44) -> 54325.171 | M46: =(M2*AVERAGE($C$6:$C$32)*COUNT(M6:M32)*AVERAGE($B$6:$B$32))*(1+M44) -> 0 | N46: =(N2*AVERAGE($C$6:$C$32)*COUNT(N6:N32)*AVERAGE($B$6:$B$32))*(1+N44) -> 0 | ... R46: =(R2*AVERAGE($C$6:$C$32)*COUNT(R6:R32)*AVERAGE($B$6:$B$32))*(1+R44) -> 52313.128 | S46: =SUM(G46:R46) -> 427100.16
A48: Sum Prosjekttimer | G48: =SUM(G10:G42)+G9*$E$9+G8*$E$8 -> 4458 | H48: =SUM(H10:H42)+H9*$E$9+H8*$E$8 -> 4297.5 | I48: =SUM(I10:I42)+I9*$E$9+I8*$E$8 -> 4912.5 | J48: =SUM(J10:J42)+J9*$E$9+J8*$E$8 -> 3837.75 | K48: =SUM(K10:K42)+K9*$E$9+K8*$E$8 -> 4688.25 | L48: =SUM(L10:L42)+L9*$E$9+L8*$E$8 -> 4703.25 | M48: =SUM(M10:M42)+M9*$E$9+M8*$E$8 -> 2542.5 | N48: =SUM(N10:N42)+N9*$E$9+N8*$E$8 -> 3948 | ... R48: =SUM(R10:R42)+R9*$E$9+R8*$E$8 -> 3690.75 | S48: =SUM(G48:R48) -> 51684.75
A49: Sum adm. timer | G49: =SUM(G6:G7)+G8*$D$8+G9*$D$9 -> 511.5 | H49: =SUM(H6:H7)+H8*$D$8+H9*$D$9 -> 465 | I49: =SUM(I6:I7)+I8*$D$8+I9*$D$9 -> 511.5 | J49: =SUM(J6:J7)+J8*$D$8+J9*$D$9 -> 395.25 | K49: =SUM(K6:K7)+K8*$D$8+K9*$D$9 -> 441.75 | L49: =SUM(L6:L7)+L8*$D$8+L9*$D$9 -> 441.75 | M49: =SUM(M6:M7)+M8*$D$8+M9*$D$9 -> 232.5 | N49: =SUM(N6:N7)+N8*$D$8+N9*$D$9 -> 372 | ... R49: =SUM(R6:R7)+R8*$D$8+R9*$D$9 -> 441.75 | S49: =SUM(G49:R49) -> 5324.25
G51: 0.9 | H51: 0.9 | I51: 1 | J51: 1 | K51: 1 | L51: 1.1 | M51: 1 | N51: 1.1 | O51: 1.1 | P51: 1.1 | Q51: 1 | R51: 1
A52: Inntekter byggearbeid | B52: 540 | C52: 0.93 | G52: =G48*$B52*G51*$C52 -> 2014926.8 | H52: =H48*$B52*H51*$C52 -> 1942384.1 | I52: =I48*$B52*I51*$C52 -> 2467057.5 | J52: =J48*$B52*J51*$C52 -> 1927318.1 | K52: =K48*$B52*K51*$C52 -> 2354439.1 | L52: =L48*$B52*L51*$C52 -> 2598169.4 | M52: =M48*$B52*M51*$C52 -> 1276843.5 | N52: =N48*$B52*N51*$C52 -> 2180954.2 | ... R52: =R48*$B52*R51*$C52 -> 1853494.7 | S52: =SUM(G52:R52) -> 26479512
A53: Inntekter materiell | C53: 0.55 | G53: =G52*$C$53 -> 1108209.8 | H53: =H52*$C$53 -> 1068311.2 | I53: =I52*$C$53 -> 1356881.6 | J53: =J52*$C$53 -> 1060024.9 | K53: =K52*$C$53 -> 1294941.5 | L53: =L52*$C$53 -> 1428993.2 | M53: =M52*$C$53 -> 702263.93 | N53: =N52*$C$53 -> 1199524.8 | ... R53: =R52*$C$53 -> 1019422.1 | S53: =SUM(G53:R53) -> 14563732
A54: Inntekter underleverandører Prosjekt | G54: =(G52+G53)*$D$54 -> 0 | H54: =(H52+H53)*$D$54 -> 0 | I54: =(I52+I53)*$D$54 -> 0 | J54: =(J52+J53)*$D$54 -> 0 | K54: =(K52+K53)*$D$54 -> 0 | L54: =(L52+L53)*$D$54 -> 0 | M54: =(M52+M53)*$D$54 -> 0 | N54: =(N52+N53)*$D$54 -> 0 | ... R54: =(R52+R53)*$D$54 -> 0 | S54: =SUM(G54:R54) -> 0
G55: =SUM(G51:G54) -> 3123137.5 | H55: =SUM(H51:H54) -> 3010696.2 | I55: =SUM(I51:I54) -> 3823940.1 | J55: =SUM(J51:J54) -> 2987344 | K55: =SUM(K51:K54) -> 3649381.7 | L55: =SUM(L51:L54) -> 4027163.6 | M55: =SUM(M51:M54) -> 1979108.4 | N55: =SUM(N51:N54) -> 3380480 | ... R55: =SUM(R51:R54) -> 2872917.7 | S55: =SUM(G55:R55) -> 41043256
A60: ØBRL | G60: 0 | H60: 750000 | I60: 1100000 | J60: 1400000 | K60: 1800000 | L60: 1850000 | M60: 1000000 | N60: =L60 -> 1850000 | O60: =N60 -> 1850000 | P60: =O60 -> 1850000 | Q60: 1800000 | R60: 1800000 | S60: =SUM(G60:R60) -> 17050000 | U60: =S60/T60 -> #DIV/0!
S61: =SUM(G61:R61) -> 0 | U61: =S61/T61 -> #DIV/0!
A62: Trond/Gerd | S62: =SUM(G62:R62) -> 0 | U62: =S62/T62 -> #DIV/0!
A63: R Hansen 2 | S63: =SUM(G63:R63) -> 0 | U63: =S63/T63 -> #DIV/0!
A64: R Hansen 3 | G64: 270000 | I64: 400000 | J64: =I64 -> 400000 | K64: 500000 | L64: =K64 -> 500000 | M64: =L64/2 -> 250000 | N64: 600000 | O64: =N64 -> 600000 | P64: =O64 -> 600000 | Q64: =P64 -> 600000 | R64: =Q64 -> 600000 | S64: =SUM(G64:R64) -> 5320000 | U64: =S64/T64 -> #DIV/0!
A65: Mørkved terrasse | G65: 950000 | H65: =G65 -> 950000 | I65: =H65 -> 950000 | J65: 400000 | S65: =SUM(G65:R65) -> 3250000 | U65: =S65/T65 -> #DIV/0!
A66: Nytt oppdrag | I66: 150000 | J66: 350000 | K66: 300000 | L66: 300000 | M66: 100000 | N66: =M66 -> 100000 | O66: =N66 -> 100000 | P66: 100000 | Q66: =P66 -> 100000 | R66: =Q66 -> 100000 | S66: =SUM(G66:R66) -> 1700000
G69: =SUM(G60:G68) -> 1220000 | H69: =SUM(H60:H68) -> 1700000 | I69: =SUM(I60:I68) -> 2600000 | J69: =SUM(J60:J68) -> 2550000 | K69: =SUM(K60:K68) -> 2600000 | L69: =SUM(L60:L68) -> 2650000 | M69: =SUM(M60:M68) -> 1350000 | N69: =SUM(N60:N68) -> 2550000 | ... T69: =SUM(T60:T68) -> 0
A70: 4300 | B70: Varekjøp Materiell | D70: 0.28 | G70: =G60*$D$70 -> 0 | H70: =H60*$D$70 -> 210000 | I70: =I60*$D$70 -> 308000 | J70: =J60*$D$70 -> 392000 | K70: =K60*$D$70 -> 504000 | L70: =L60*$D$70 -> 518000 | M70: =M60*$D$70 -> 280000 | N70: =N60*$D$70 -> 518000 | ... R70: =R60*$D$70 -> 504000 | S70: =SUM(G70:R70) -> 4774000
B71: Varekjøp RH | G71: =G64*40% -> 108000 | M71: =M64*40% -> 100000 | N71: =N64*25% -> 150000 | O71: =O64*20% -> 120000 | P71: =P64*20% -> 120000 | Q71: =Q64*20% -> 120000 | R71: =R64*20% -> 120000 | S71: =SUM(G71:R71) -> 838000
B72: Varekjøp MT | D72: 0.28 | G72: =G65*$D$72 -> 266000 | H72: =H65*$D$72 -> 266000 | I72: =I65*$D$72 -> 266000 | J72: =J65*$D$72 -> 112000 | L72: =L65*$D$72 -> 0 | M72: =M65*$D$72 -> 0 | N72: =N65*$D$72 -> 0 | O72: =O65*$D$72 -> 0 | P72: =P65*$D$72 -> 0 | Q72: =Q65*$D$72 -> 0 | R72: =R65*$D$72 -> 0 | S72: =SUM(G72:R72) -> 910000
B73: Varekjøp NYTT | D73: 0.33 | G73: =(G66+G67)*$D$73 -> 0 | H73: =(H66+H67)*$D$73 -> 0 | I73: =(I66+I67)*$D$73 -> 49500 | J73: =(J66+J67)*$D$73 -> 115500 | K73: =(K66+K67)*$D$73 -> 99000 | L73: =(L66+L67)*$D$73 -> 99000 | M73: =(M66+M67)*$D$73 -> 33000 | N73: =(N66+N67)*$D$73 -> 33000 | ... R73: =(R66+R67)*$D$73 -> 33000 | S73: =SUM(G73:R73) -> 561000
G74: =SUM(G70:G73) -> 374000 | H74: =SUM(H70:H73) -> 476000 | I74: =SUM(I70:I73) -> 623500 | J74: =SUM(J70:J73) -> 619500 | K74: =SUM(K70:K73) -> 603000 | L74: =SUM(L70:L73) -> 617000 | M74: =SUM(M70:M73) -> 413000 | N74: =SUM(N70:N73) -> 701000 | ... R74: =SUM(R70:R73) -> 657000
A75: 4350 | B75: Produksjonsavfall
A76: 4500 | B76: Innkjøpte tjenester - Bemanning | I76: 0
A77: 4501 | B77: Innkjøpte tjenester - Arkitekt/prosjektering
A78: 4502 | B78: Innkjøpte tjenester - Grunnarbeid
A79: 4503 | B79: Innkjøpte tjenester - Kjøkken | J79: =$I$101/8 -> 85697.5 | K79: =$I$101/8 -> 85697.5 | L79: =$I$101/8 -> 85697.5 | M79: =$I$101/8 -> 85697.5 | N79: =$I$101/8 -> 85697.5 | O79: =$I$101/8 -> 85697.5 | P79: =$I$101/8 -> 85697.5 | Q79: =$I$101/8 -> 85697.5 | R79: 50000 | S79: =SUM(G79:R79) -> 735580
A80: 4504 | B80: Innkjøpte tjenester - VVS | G80: 60000 | J80: =($G$103-60000)/8 -> 121400 | K80: =($G$103-60000)/8 -> 121400 | L80: =($G$103-60000)/8 -> 121400 | M80: =($G$103-60000)/8 -> 121400 | N80: =($G$103-60000)/8 -> 121400 | O80: =($G$103-60000)/8 -> 121400 | P80: =($G$103-60000)/8 -> 121400 | Q80: =($G$103-60000)/8 -> 121400 | R80: 50000 | S80: =SUM(G80:R80) -> 1081200
A81: 4506 | B81: Innkjøpte tjenester - EL | G81: 30000 | H81: =($C$103-30000)/10 -> 117900 | I81: =($C$103-30000)/10 -> 117900 | J81: =($C$103-30000)/10 -> 117900 | K81: =($C$103-30000)/10 -> 117900 | L81: =($C$103-30000)/10 -> 117900 | M81: =($C$103-30000)/10 -> 117900 | N81: =($C$103-30000)/10 -> 117900 | O81: =($C$103-30000)/10 -> 117900 | ... Q81: =($C$103-30000)/10 -> 117900 | R81: 50000 | S81: =SUM(G81:R81) -> 1259000
A82: 4507 | B82: Innkjøpte tjenester - MAL | H82: =$L$101/10 -> 100000 | I82: =$L$101/10 -> 100000 | J82: =$L$101/10 -> 100000 | K82: =$L$101/10 -> 100000 | L82: =$L$101/10 -> 100000 | M82: =$L$101/10 -> 100000 | N82: =$L$101/10 -> 100000 | O82: =$L$101/10 -> 100000 | ... Q82: =$L$101/10 -> 100000 | R82: 100000 | S82: =SUM(G82:R82) -> 1100000
A83: 4508 | B83: Innkjøpte tjenester - Betong | G83: =H103 -> 144400 | M83: 100000 | N83: 100000 | O83: 100000 | P83: 100000 | Q83: 100000 | R83: 100000 | S83: =SUM(G83:R83) -> 744400
A84: 4510 | B84: Innkjøpte tjenester - Glass | I84: =$O$101/9 -> 13333.333 | J84: =$O$101/9 -> 13333.333 | K84: =$O$101/9 -> 13333.333 | L84: =$O$101/9 -> 13333.333 | M84: =$O$101/9 -> 13333.333 | N84: =$O$101/9 -> 13333.333 | O84: =$O$101/9 -> 13333.333 | P84: =$O$101/9 -> 13333.333 | Q84: =$O$101/9 -> 13333.333 | R84: 10000 | S84: =SUM(G84:R84) -> 130000
A85: 4511 | B85: Innkjøpte tjenester - Trapper | K85: =$K$101/7 -> 84571.429 | L85: =$K$101/7 -> 84571.429 | M85: =$K$101/7 -> 84571.429 | N85: =$K$101/7 -> 84571.429 | O85: =$K$101/7 -> 84571.429 | P85: =$K$101/7 -> 84571.429 | Q85: =$K$101/7 -> 84571.429 | R85: 50000 | S85: =SUM(G85:R85) -> 642000
A86: 4512 | B86: Innkjøpte tjenester - Tak og tekking | G86: =$M$103/6 -> 28666.667 | H86: =$M$103/6 -> 28666.667 | I86: =$M$103/6 -> 28666.667 | J86: =$M$103/6 -> 28666.667 | K86: =$M$103/6 -> 28666.667 | L86: =$M$103/6 -> 28666.667 | M86: 20000 | N86: =M86 -> 20000 | O86: =N86 -> 20000 | P86: =O86 -> 20000 | Q86: =P86 -> 20000 | R86: =Q86 -> 20000 | S86: =SUM(G86:R86) -> 292000
A87: 4513 | B87: Innkjøpte tjenester - Transport og kraning
A88: 4514 | B88: Innkjøpte tjenester - Flisarbeider | G88: =$J$101/11 -> 100177.09 | H88: =$J$101/11 -> 100177.09 | I88: =$J$101/11 -> 100177.09 | J88: =$J$101/11 -> 100177.09 | K88: =$J$101/11 -> 100177.09 | L88: =$J$101/11 -> 100177.09 | M88: =$J$101/11 -> 100177.09 | N88: =$J$101/11 -> 100177.09 | ... Q88: =$J$101/11 -> 100177.09 | R88: 100000 | S88: =SUM(G88:R88) -> 1201948
A89: 4515 | B89: Innkjøpte tjenester - Service
A90: 4505 | B90: Leie stillas/utstyr/container
A91: 4509 | B91: Byggestrøm
B92: EL | G92: VVS | H92: BET | I92: KJØ | J92: FLIS | K92: Trapp | L92: MAL | M92: Protan | N92: Flex | O92: BGR
B93: Hus 1 | C93: 179000 | G93: 168600 | I93: 99340 | K93: 74000 | L93: 125000 | M93: 34000 | N93: 32000 | O93: 15000
B94: Hus 2 | C94: 166000 | G94: 133300 | I94: 72055 | K94: 74000 | L94: 125000 | M94: 34000 | N94: 32000 | O94: 15000
B95: Hus 3 | C95: 193500 | G95: 172200 | I95: 99340 | K95: 74000 | L95: 125000 | M95: 34000 | N95: 32000 | O95: 15000
B96: Hus 4 | C96: 182500 | G96: 133300 | I96: 72055 | K96: 74000 | L96: 125000 | M96: 34000 | N96: 32000 | O96: 15000
B97: Hus 5 | C97: 182500 | G97: 133300 | I97: 72055 | K97: 74000 | L97: 125000 | M97: 34000 | N97: 32000 | O97: 15000
B98: Hus 6 | C98: 182500 | G98: 133300 | I98: 72055 | K98: 74000 | L98: 125000 | M98: 34000 | N98: 32000 | O98: 15000
B99: Hus 7 | C99: 179000 | G99: 168600 | H99: =(268000+15000) -> 283000 | I99: 99340 | K99: 74000 | L99: 125000 | M99: 34000 | N99: 32000 | O99: 15000
B100: Hus 8 | C100: 179000 | G100: 168600 | H100: =(268000+15000) -> 283000 | I100: 99340 | K100: 74000 | L100: 125000 | M100: 34000 | N100: 32000 | O100: 15000
C101: =SUM(C93:C100) -> 1444000 | G101: =SUM(G93:G100) -> 1211200 | H101: =SUM(H93:H100) -> 566000 | I101: =SUM(I93:I100) -> 685580 | J101: =798842+303106 -> 1101948 | K101: =SUM(K93:K100) -> 592000 | L101: =SUM(L93:L100) -> 1000000 | M101: =SUM(M93:M100) -> 272000 | N101: =SUM(N93:N100) -> 256000 | O101: =SUM(O93:O100) -> 120000
C102: 235000 | G102: 180000 | M102: 100000
C103: =C101-C102 -> 1209000 | G103: =G101-G102 -> 1031200 | H103: 144400 | M103: =M101-M102 -> 172000
B109: Drift | C109: Rigging
A110: Søppel | B110: 20000 | C110: 5000
A111: Heising | B111: 5000 | C111: 5000
A112: Byggestrøm | B112: 16000 | C112: 10000
A113: Stillas/Uystyr/Con | B113: 69200 | C113: 5000
...

Sheet Ark1
B3: 2019 | C3: SUM | D3: Jan | E3: Feb | F3: Mar | G3: Apr | H3: Mai | I3: Jun | J3: Jul | K3: Aug | L3: Sep | M3: Okt | N3: Nov | O3: Des
A4: ØBRL | B4: 16150000 | C4: =SUM(D4:O4) -> 16700000 | D4: 1350000 | E4: 1750000 | F4: 1800000 | G4: 1600000 | H4: 1700000 | I4: 1800000 | J4: 1500000 | K4: 1800000 | L4: 1700000 | M4: 1700000
A5: Ekstra | B5: =A21-B4 -> 727207.1 | C5: =SUM(D5:O5) -> 751500 | D5: =D4*0.045 -> 60750 | E5: =E4*0.045 -> 78750 | F5: =F4*0.045 -> 81000 | G5: =G4*0.045 -> 72000 | H5: =H4*0.045 -> 76500 | I5: =I4*0.045 -> 81000 | J5: =J4*0.045 -> 67500 | K5: =K4*0.045 -> 81000 | ... M5: =M4*0.045 -> 76500
A6: KLEIVA | B6: 1350000 | C6: =SUM(D6:O6) -> 1239624 | D6: 230000 | E6: 380000 | F6: 200000 | G6: 280000 | H6: 149624 | P6: 2589624 | Q6: =P6-B6 -> 1239624
A7: SNORRES | B7: 900000 | C7: =SUM(D7:O7) -> 1970357 | D7: 280000 | E7: 410000 | F7: 400000 | G7: 100000 | H7: 200000 | I7: 250000 | J7: 150000 | K7: =330357-150000 -> 180357 | P7: 2870357 | Q7: =P7-B7 -> 1970357
A8: STORVOLL | B8: 3760902.3 | C8: =SUM(D8:O8) -> 4097084 | D8: 400140 | E8: 700000 | F8: 750000 | G8: =F8 -> 750000 | H8: 800000 | I8: 696944 | P8: 7857986 | Q8: =P8-B8 -> 4097083.7
A9: SJØÅSAN | C9: =SUM(D9:O9) -> 6200000 | H9: 500000 | I9: =H9 -> 500000 | J9: 400000 | K9: 800000 | L9: 1000000 | M9: =L9 -> 1000000 | N9: =M9 -> 1000000 | O9: =N9 -> 1000000
A10: Forsvarsbygg | B10: 14900000 | C10: =SUM(D10:O10) -> 3600000 | D10: 200000 | E10: =D10 -> 200000 | F10: 400000 | G10: =F10 -> 400000 | H10: =G10 -> 400000 | I10: =H10 -> 400000 | J10: 0 | K10: 400000 | L10: =K10 -> 400000 | M10: =L10 -> 400000 | N10: 200000 | O10: =N10 -> 200000
A11: Hytte Valnes | C11: =SUM(D11:O11) -> 1400000 | H11: 200000 | I11: 600000 | J11: 600000
A12: Div Service/betong | C12: =SUM(D12:O12) -> 1800000 | D12: 150000 | E12: =D12 -> 150000 | F12: =E12 -> 150000 | G12: =F12 -> 150000 | H12: =G12 -> 150000 | I12: =H12 -> 150000 | J12: =I12 -> 150000 | K12: =J12 -> 150000 | L12: =K12 -> 150000 | ... O12: =N12 -> 150000
A13: NOV-DES | C13: =SUM(D13:O13) -> 1000000 | N13: 500000 | O13: 500000
C17: =SUM(D17:O17) -> 38758565 | D17: =SUM(D4:D16) -> 2670890 | E17: =SUM(E4:E16) -> 3668750 | F17: =SUM(F4:F16) -> 3781000 | G17: =SUM(G4:G16) -> 3352000 | H17: =SUM(H4:H16) -> 4176124 | I17: =SUM(I4:I16) -> 4477944 | J17: =SUM(J4:J16) -> 2867500 | K17: =SUM(K4:K16) -> 3411357 | ... O17: =SUM(O4:O16) -> 1850000
B18: =B4*4.5% -> 726750
A21: 16877207
A23: =A21/B4 -> 1.0450283
E26: =537500/1.25 -> 430000
E27: =SUM(D7:G7) -> 1190000
E28: =SUM(E25:E27) -> 1620000 | F28: =E28*1.25 -> 2025000

Sheet Ark2
A6: ØBRL | B6: 16150000 | C6: =16700000+700000 -> 17400000 | D6: Må | E6: =C6 -> 17400000
A7: KLEIVA | B7: 1350000 | C7: 1240000 | D7: Må | E7: =C7 -> 1240000
A8: SNORRES | B8: 900000 | C8: 1970000 | D8: Må | E8: =C8 -> 1970000
A9: STORVOLL | B9: 3760902.3 | C9: 4100000 | D9: Må | E9: =C9 -> 4100000
A10: SJØÅSAN | C10: 6200000 | E10: =C10 -> 6200000
A11: Forsvarsbygg | B11: 14900000 | C11: =B11*0.6 -> 8940000 | E11: =B11*0.75 -> 11175000
A12: Hytte Valnes | C12: 1400000 | D12: Må | E12: =C12 -> 1400000
A13: Div Service/betong | C13: =11*200000 -> 2200000 | E13: =C13 -> 2200000
A14: NOV-DES | C14: 1000000
C16: =SUM(C6:C15) -> 44450000 | E16: =SUM(E6:E15) -> 45685000

Sheet Forutsetninger Areal-Gruppen
C1: Påslag | D1: Andel | E1: Fritzøe | F1: Andel | G1: Areal | H1: Andel | I1: Blikk | J1: SUM
A2: Husleie | B2: 71592 | C2: 0.075 | D2: 0.2 | E2: =$B2*(1+$C2)*D2 -> 15392.28 | F2: 0.35 | G2: =$B2*(1+$C2)*F2 -> 26936.49 | H2: 0.45 | I2: =$B2*(1+$C2)*H2 -> 34632.63 | J2: =E2+G2+I2 -> 76961.4
A3: Strøm | B3: =100000/12 -> 8333.3333 | C3: 0.1 | D3: 0.2 | E3: =$B3*(1+$C3)*D3 -> 1833.3333 | F3: 0.35 | G3: =$B3*(1+$C3)*F3 -> 3208.3333 | H3: 0.45 | I3: =$B3*(1+$C3)*H3 -> 4125 | J3: =E3+G3+I3 -> 9166.6667
A4: Renhold | B4: =4.33*860 -> 3723.8 | C4: 0.1 | D4: =1/3 -> 0.33333333 | E4: =$B4*(1+$C4)*D4 -> 1365.3933 | F4: =1/3 -> 0.33333333 | G4: =$B4*(1+$C4)*F4 -> 1365.3933 | H4: =1/3 -> 0.33333333 | I4: =$B4*(1+$C4)*H4 -> 1365.3933 | J4: =E4+G4+I4 -> 4096.18
A5: IT-drift | B5: 5000 | C5: 0.1 | D5: =1/3 -> 0.33333333 | E5: =$B5*(1+$C5)*D5 -> 1833.3333 | F5: =1/3 -> 0.33333333 | G5: =$B5*(1+$C5)*F5 -> 1833.3333 | H5: =1/3 -> 0.33333333 | I5: =$B5*(1+$C5)*H5 -> 1833.3333 | J5: =E5+G5+I5 -> 5500
A6: Øvrige felleskostnader | B6: 4000 | C6: 0.1 | D6: =1/3 -> 0.33333333 | E6: =$B6*(1+$C6)*D6 -> 1466.6667 | F6: =1/3 -> 0.33333333 | G6: =$B6*(1+$C6)*F6 -> 1466.6667 | H6: =1/3 -> 0.33333333 | I6: =$B6*(1+$C6)*H6 -> 1466.6667 | J6: =E6+G6+I6 -> 4400
B8: =SUM(B2:B7) -> 92649.133 | E8: =SUM(E2:E7) -> 21891.007 | G8: =SUM(G2:G7) -> 34810.217 | I8: =SUM(I2:I7) -> 43423.023 | J8: =SUM(J2:J7) -> 100124.25
E10: =SUM(E8:I8) -> 100124.25
A14: Øvrige konsernkostnader | B14: =1563000/12*1.025 -> 133506.25 | C14: 0 | D14: 0.4 | E14: =$B14*(1+$C14)*D14 -> 53402.5 | F14: 0.35 | G14: =$B14*(1+$C14)*F14 -> 46727.188 | H14: 0.25 | I14: =$B14*(1+$C14)*H14 -> 33376.562
B17: 214775
B18: =B17/3 -> 71591.667
B19: =B17*1.075 -> 230883.12 | E19: =E20+B22 -> 70750 | G19: Areal | I19: =E19/3*1.1 -> 25941.667 | J19: =I19/$B$18 -> 0.36235595
B20: 82500 | E20: =B20/2 -> 41250 | G20: Fritx | I20: =E20/3*1.1 -> 15125 | J20: =I20/$B$18 -> 0.21126761
B21: 83250 | E21: =B21 -> 83250 | G21: Blikk | I21: =E21/3*1.1 -> 30525 | J21: =I21/$B$18 -> 0.42637644
B22: 29500
E25: 990000 | G25: =E25*(1+0.12+0.079+0.04) -> 1226610
E26: 250000 | G26: =E26*1.079 -> 269750
G27: =SUM(G25:G26) -> 1496360
G28: =G27/12 -> 124696.67

Sheet Fritzøe - SERVICE
A1: Forutsetninger omsetning og lønn
G2: 1 | H2: 0 | I2: 0 | J2: 3 | K2: 3 | L2: 1 | M2: 0 | N2: 0 | O2: 0 | P2: 0 | Q2: 0 | R2: 2 | S2: =SUM(G2:R2) -> 10 | T2: Bev Helligd
G3: 22 | H3: 20 | I3: 21 | J3: 19 | K3: 20 | L3: 19 | M3: 23 | N3: 22 | O3: 21 | P3: 23 | Q3: 21 | R3: 19 | S3: =SUM(G3:R3) -> 250 | T3: Arbeidsdager
I4: 1 | J4: 2 | L4: 1 | M4: 13 | N4: 7 | R4: 4 | S4: =SUM(G4:R4) -> 28 | T4: feriedager
B5: Sats | C5: Snitt Dagtimer | D5: Adm | E5: Prosj | F5: Serv | G5: Jan | H5: Feb | I5: Mar | J5: Apr | K5: Mai | L5: Jun | M5: Jul | N5: Aug | O5: Sep | P5: Okt | Q5: Nov | R5: Des | S5: Total
A6: FRITZØE, HANS PETTER (40 %) | B6: =59167/162.5 -> 364.10462 | C6: =7.5*40% -> 3 | D6: 1 | G6: =(G$3-G$4)*$C6 -> 66 | H6: =(H$3-H$4)*$C6 -> 60 | I6: =(I$3-I$4)*$C6 -> 60 | J6: =(J$3-J$4)*$C6 -> 51 | K6: =(K$3-K$4)*$C6 -> 60 | L6: =(L$3-L$4)*$C6 -> 54 | M6: =(M$3-M$4)*$C6 -> 30 | N6: =(N$3-N$4)*$C6 -> 45 | ... R6: =(R$3-R$4)*$C6 -> 45 | S6: =SUM(G6:R6) -> 666
A7: FREDRIK HAAGENSEN (20 %) | B7: =51500/162.5 -> 316.92308 | C7: =7.5*20% -> 1.5 | D7: 1 | G7: =(G$3-G$4)*$C7 -> 33 | H7: =(H$3-H$4)*$C7 -> 30 | I7: =(I$3-I$4)*$C7 -> 30 | J7: =(J$3-J$4)*$C7 -> 25.5 | K7: =(K$3-K$4)*$C7 -> 30 | L7: =(L$3-L$4)*$C7 -> 27 | M7: =(M$3-M$4)*$C7 -> 15 | N7: =(N$3-N$4)*$C7 -> 22.5 | ... R7: =(R$3-R$4)*$C7 -> 22.5 | S7: =SUM(G7:R7) -> 333
A9: BORGEN, TORE | B9: =252+(800/162.5) -> 256.92308 | C9: 7.5 | F9: 1 | G9: =(G$3-G$4)*$C9 -> 165 | H9: =(H$3-H$4)*$C9 -> 150 | I9: =(I$3-I$4)*$C9 -> 150 | J9: =(J$3-J$4)*$C9 -> 127.5 | K9: =(K$3-K$4)*$C9 -> 150 | L9: =(L$3-L$4)*$C9 -> 135 | M9: =(M$3-M$4)*$C9 -> 75 | N9: =(N$3-N$4)*$C9 -> 112.5 | ... R9: =(R$3-R$4)*$C9 -> 112.5 | S9: =SUM(G9:R9) -> 1665
A10: HANSEN, ROY-ATLE | B10: =256+3500/162.5 -> 277.53846 | C10: 7.5 | F10: 1 | G10: =(G$3-G$4)*$C10 -> 165 | H10: =(H$3-H$4)*$C10 -> 150 | I10: =(I$3-I$4)*$C10 -> 150 | J10: =(J$3-J$4)*$C10 -> 127.5 | K10: =(K$3-K$4)*$C10 -> 150 | L10: =(L$3-L$4)*$C10 -> 135 | M10: =(M$3-M$4)*$C10 -> 75 | N10: =(N$3-N$4)*$C10 -> 112.5 | ... R10: =(R$3-R$4)*$C10 -> 112.5 | S10: =SUM(G10:R10) -> 1665
A11: SANDVIK, MORTEN JAKOB | B11: =256+6500/162.5 -> 296 | C11: 7.5 | F11: 1 | G11: =(G$3-G$4)*$C11 -> 165 | H11: =(H$3-H$4)*$C11 -> 150 | I11: =(I$3-I$4)*$C11 -> 150 | J11: =(J$3-J$4)*$C11 -> 127.5 | K11: =(K$3-K$4)*$C11 -> 150 | L11: =(L$3-L$4)*$C11 -> 135 | M11: =(M$3-M$4)*$C11 -> 75 | N11: =(N$3-N$4)*$C11 -> 112.5 | ... R11: =(R$3-R$4)*$C11 -> 112.5 | S11: =SUM(G11:R11) -> 1665
A12: HANS-OLAV AAKRE | B12: =253+3500/162.5 -> 274.53846 | C12: 7.5 | F12: 1 | G12: =(G$3-G$4)*$C12 -> 165 | H12: =(H$3-H$4)*$C12 -> 150 | I12: =(I$3-I$4)*$C12 -> 150 | J12: =(J$3-J$4)*$C12 -> 127.5 | K12: =(K$3-K$4)*$C12 -> 150 | L12: =(L$3-L$4)*$C12 -> 135 | M12: =(M$3-M$4)*$C12 -> 75 | N12: =(N$3-N$4)*$C12 -> 112.5 | ... R12: =(R$3-R$4)*$C12 -> 112.5 | S12: =SUM(G12:R12) -> 1665
A13: NN | C13: 7.5 | F13: 1 | S13: =SUM(G13:R13) -> 0
A14: NN | C14: 7.5 | F14: 1 | S14: =SUM(G14:R14) -> 0
A15: NN | C15: 7.5 | F15: 1 | S15: =SUM(G15:R15) -> 0
A16: DAG-OLAV GAARDER | B16: 271 | C16: 7.5 | F16: 1 | G16: =(G$3-G$4)*$C16 -> 165 | H16: =(H$3-H$4)*$C16 -> 150 | I16: =(I$3-I$4)*$C16 -> 150 | J16: =(J$3-J$4)*$C16 -> 127.5 | K16: =(K$3-K$4)*$C16 -> 150 | L16: =(L$3-L$4)*$C16 -> 135 | M16: =(M$3-M$4)*$C16 -> 75 | N16: =(N$3-N$4)*$C16 -> 112.5 | ... R16: =(R$3-R$4)*$C16 -> 112.5 | S16: =SUM(G16:R16) -> 1665
A18: Sum ordinære timer | G18: =SUM(G6:G17) -> 924 | H18: =SUM(H6:H17) -> 840 | I18: =SUM(I6:I17) -> 840 | J18: =SUM(J6:J17) -> 714 | K18: =SUM(K6:K17) -> 840 | L18: =SUM(L6:L17) -> 756 | M18: =SUM(M6:M17) -> 420 | N18: =SUM(N6:N17) -> 630 | ... S18: =SUM(S6:S17) -> 9324
J19: 0.025 | K19: 0.025 | L19: 0.025 | M19: 0.025 | N19: 0.025 | O19: 0.025 | P19: 0.025 | Q19: 0.025 | R19: 0.025
A20: Sum lønn før sosiale kostnader | G20: =(G6*$B$6+G7*$B$7+G9*$B$9+G10*$B$10+G11*$B$11+G12*$B$12+G13*$B$13+$B$14*G14+$B$15*G15+$B$16*G16)*(1+G19) -> 261529.37 | H20: =(H6*$B$6+H7*$B$7+H9*$B$9+H10*$B$10+H11*$B$11+H12*$B$12+H13*$B$13+$B$14*H14+$B$15*H15+$B$16*H16)*(1+H19) -> 237753.97 | I20: =(I6*$B$6+I7*$B$7+I9*$B$9+I10*$B$10+I11*$B$11+I12*$B$12+I13*$B$13+$B$14*I14+$B$15*I15+$B$16*I16)*(1+I19) -> 237753.97 | J20: =(J6*$B$6+J7*$B$7+J9*$B$9+J10*$B$10+J11*$B$11+J12*$B$12+J13*$B$13+$B$14*J14+$B$15*J15+$B$16*J16)*(1+J19) -> 207143.15 | K20: =(K6*$B$6+K7*$B$7+K9*$B$9+K10*$B$10+K11*$B$11+K12*$B$12+K13*$B$13+$B$14*K14+$B$15*K15+$B$16*K16)*(1+K19) -> 243697.82 | L20: =(L6*$B$6+L7*$B$7+L9*$B$9+L10*$B$10+L11*$B$11+L12*$B$12+L13*$B$13+$B$14*L14+$B$15*L15+$B$16*L16)*(1+L19) -> 219328.04 | M20: =(M6*$B$6+M7*$B$7+M9*$B$9+M10*$B$10+M11*$B$11+M12*$B$12+M13*$B$13+$B$14*M14+$B$15*M15+$B$16*M16)*(1+M19) -> 121848.91 | N20: =(N6*$B$6+N7*$B$7+N9*$B$9+N10*$B$10+N11*$B$11+N12*$B$12+N13*$B$13+$B$14*N14+$B$15*N15+$B$16*N16)*(1+N19) -> 182773.36 | ... R20: =(R6*$B$6+R7*$B$7+R9*$B$9+R10*$B$10+R11*$B$11+R12*$B$12+R13*$B$13+$B$14*R14+$B$15*R15+$B$16*R16)*(1+R19) -> 182773.36 | S20: =SUM(G20:R20) -> 2686619.9
A21: Lønnskost helligdager | G21: =(G2*AVERAGE($C$6:$C$16)*COUNT(G6:G16)*AVERAGE($B$6:$B$16))*(1+G19) -> 13267.829 | H21: =(H2*AVERAGE($C$6:$C$16)*COUNT(H6:H16)*AVERAGE($B$6:$B$16))*(1+H19) -> 0 | I21: =(I2*AVERAGE($C$6:$C$16)*COUNT(I6:I16)*AVERAGE($B$6:$B$16))*(1+I19) -> 0 | J21: =(J2*AVERAGE($C$6:$C$16)*COUNT(J6:J16)*AVERAGE($B$6:$B$16))*(1+J19) -> 40798.573 | K21: =(K2*AVERAGE($C$6:$C$16)*COUNT(K6:K16)*AVERAGE($B$6:$B$16))*(1+K19) -> 40798.573 | L21: =(L2*AVERAGE($C$6:$C$16)*COUNT(L6:L16)*AVERAGE($B$6:$B$16))*(1+L19) -> 13599.524 | M21: =(M2*AVERAGE($C$6:$C$16)*COUNT(M6:M16)*AVERAGE($B$6:$B$16))*(1+M19) -> 0 | N21: =(N2*AVERAGE($C$6:$C$16)*COUNT(N6:N16)*AVERAGE($B$6:$B$16))*(1+N19) -> 0 | ... R21: =(R2*AVERAGE($C$6:$C$16)*COUNT(R6:R16)*AVERAGE($B$6:$B$16))*(1+R19) -> 27199.049 | S21: =SUM(G21:R21) -> 135663.55
A23: Sum Servicetimer | G23: =SUM(G9:G17) -> 825 | H23: =SUM(H9:H17) -> 750 | I23: =SUM(I9:I17) -> 750 | J23: =SUM(J9:J17) -> 637.5 | K23: =SUM(K9:K17) -> 750 | L23: =SUM(L9:L17) -> 675 | M23: =SUM(M9:M17) -> 375 | N23: =SUM(N9:N17) -> 562.5 | ... R23: =SUM(R9:R17) -> 562.5 | S23: =SUM(G23:R23) -> 8325
A24: Sum adm. timer | G24: =SUM(G6:G7) -> 99 | H24: =SUM(H6:H7) -> 90 | I24: =SUM(I6:I7) -> 90 | J24: =SUM(J6:J7) -> 76.5 | K24: =SUM(K6:K7) -> 90 | L24: =SUM(L6:L7) -> 81 | M24: =SUM(M6:M7) -> 45 | N24: =SUM(N6:N7) -> 67.5 | ... R24: =SUM(R6:R7) -> 67.5 | S24: =SUM(G24:R24) -> 999
G26: 1 | H26: 1 | I26: 1 | J26: 1 | K26: 1 | L26: 1 | M26: 1 | N26: 1 | O26: 1 | P26: 1 | Q26: 1 | R26: 1
A27: Inntekter Service | B27: 590 | C27: 0.93 | G27: =G23*$B27*G26*$C27 -> 452677.5 | H27: =H23*$B27*H26*$C27 -> 411525 | I27: =I23*$B27*I26*$C27 -> 411525 | J27: =J23*$B27*J26*$C27 -> 349796.25 | K27: =K23*$B27*K26*$C27 -> 411525 | L27: =L23*$B27*L26*$C27 -> 370372.5 | M27: =M23*$B27*M26*$C27 -> 205762.5 | N27: =N23*$B27*N26*$C27 -> 308643.75 | ... R27: =R23*$B27*R26*$C27 -> 308643.75 | S27: =SUM(G27:R27) -> 4567927.5
A28: Inntekter materiell Service | C28: 0.6 | G28: =G27*$C$28 -> 271606.5 | H28: =H27*$C$28 -> 246915 | I28: =I27*$C$28 -> 246915 | J28: =J27*$C$28 -> 209877.75 | K28: =K27*$C$28 -> 246915 | L28: =L27*$C$28 -> 222223.5 | M28: =M27*$C$28 -> 123457.5 | N28: =N27*$C$28 -> 185186.25 | ... R28: =R27*$C$28 -> 185186.25 | S28: =SUM(G28:R28) -> 2740756.5
A29: Inntekter Areal | B29: 594 | C29: 220 | G29: =$C$29*$B$29 -> 130680 | H29: =$C$29*$B$29 -> 130680 | I29: =$C$29*$B$29 -> 130680 | J29: =$C$29*$B$29 -> 130680 | K29: =$C$29*$B$29 -> 130680 | L29: =$C$29*$B$29 -> 130680 | M29: =$C$29*$B$29 -> 130680 | N29: =$C$29*$B$29 -> 130680 | ... R29: =$C$29*$B$29 -> 130680 | S29: =SUM(G29:R29) -> 1568160
A30: Inntekter andre UE | G30: 250000 | H30: =G30 -> 250000 | I30: =H30 -> 250000 | J30: =I30 -> 250000 | K30: =J30 -> 250000 | L30: =K30 -> 250000 | M30: =L30 -> 250000 | N30: =M30 -> 250000 | O30: =N30 -> 250000 | ... R30: =Q30 -> 250000 | S30: =SUM(G30:R30) -> 3000000
G31: =SUM(G27:G30) -> 1104964 | H31: =SUM(H27:H30) -> 1039120 | I31: =SUM(I27:I30) -> 1039120 | J31: =SUM(J27:J30) -> 940354 | K31: =SUM(K27:K30) -> 1039120 | L31: =SUM(L27:L30) -> 973276 | M31: =SUM(M27:M30) -> 709900 | N31: =SUM(N27:N30) -> 874510 | ... R31: =SUM(R27:R30) -> 874510 | S31: =SUM(G31:R31) -> 11876844
A33: Varekost materiell | G33: =G28/1.1 -> 246915 | H33: =H28/1.1 -> 224468.18 | I33: =I28/1.1 -> 224468.18 | J33: =J28/1.1 -> 190797.95 | K33: =K28/1.1 -> 224468.18 | L33: =L28/1.1 -> 202021.36 | M33: =M28/1.1 -> 112234.09 | N33: =N28/1.1 -> 168351.14 | ... R33: =R28/1.1 -> 168351.14 | S33: =SUM(G33:R33) -> 2491596.8
A34: Produksjonsavfall | C34: 0.016 | G34: =(G27+G28)*$C$34 -> 11588.544 | H34: =(H27+H28)*$C$34 -> 10535.04 | I34: =(I27+I28)*$C$34 -> 10535.04 | J34: =(J27+J28)*$C$34 -> 8954.784 | K34: =(K27+K28)*$C$34 -> 10535.04 | L34: =(L27+L28)*$C$34 -> 9481.536 | M34: =(M27+M28)*$C$34 -> 5267.52 | N34: =(N27+N28)*$C$34 -> 7901.28 | ... R34: =(R27+R28)*$C$34 -> 7901.28 | S34: =SUM(G34:R34) -> 116938.94
A35: Arkitekt prosjektering | C35: 0.009 | G35: =(G27+G28)*$C$35 -> 6518.556 | H35: =(H27+H28)*$C$35 -> 5925.96 | I35: =(I27+I28)*$C$35 -> 5925.96 | J35: =(J27+J28)*$C$35 -> 5037.066 | K35: =(K27+K28)*$C$35 -> 5925.96 | L35: =(L27+L28)*$C$35 -> 5333.364 | M35: =(M27+M28)*$C$35 -> 2962.98 | N35: =(N27+N28)*$C$35 -> 4444.47 | ... R35: =(R27+R28)*$C$35 -> 4444.47 | S35: =SUM(G35:R35) -> 65778.156
A36: Stillas/Utstyr | C36: 0.022 | G36: =(G27+G28)*$C$36 -> 15934.248 | H36: =(H27+H28)*$C$36 -> 14485.68 | I36: =(I27+I28)*$C$36 -> 14485.68 | J36: =(J27+J28)*$C$36 -> 12312.828 | K36: =(K27+K28)*$C$36 -> 14485.68 | L36: =(L27+L28)*$C$36 -> 13037.112 | M36: =(M27+M28)*$C$36 -> 7242.84 | N36: =(N27+N28)*$C$36 -> 10864.26 | ... R36: =(R27+R28)*$C$36 -> 10864.26 | S36: =SUM(G36:R36) -> 160791.05
A37: Kost Areal | C37: 0.075 | G37: =G29/(1+$C$37) -> 121562.79 | H37: =H29/(1+$C$37) -> 121562.79 | I37: =I29/(1+$C$37) -> 121562.79 | J37: =J29/(1+$C$37) -> 121562.79 | K37: =K29/(1+$C$37) -> 121562.79 | L37: =L29/(1+$C$37) -> 121562.79 | M37: =M29/(1+$C$37) -> 121562.79 | N37: =N29/(1+$C$37) -> 121562.79 | ... R37: =R29/(1+$C$37) -> 121562.79 | S37: =SUM(G37:R37) -> 1458753.5
A38: Kost andre UE | C38: 0.1 | G38: =G30/(1+$C$38) -> 227272.73 | H38: =H30/(1+$C$38) -> 227272.73 | I38: =I30/(1+$C$38) -> 227272.73 | J38: =J30/(1+$C$38) -> 227272.73 | K38: =K30/(1+$C$38) -> 227272.73 | L38: =L30/(1+$C$38) -> 227272.73 | M38: =M30/(1+$C$38) -> 227272.73 | N38: =N30/(1+$C$38) -> 227272.73 | ... R38: =R30/(1+$C$38) -> 227272.73 | S38: =SUM(G38:R38) -> 2727272.7
A39: Innleie Skanska | G39: 0 | H39: 0 | S39: =SUM(G39:R39) -> 0
A40: Byggestrøm | C40: 0.006 | G40: =(G27+G28)*$C$40 -> 4345.704 | H40: =(H27+H28)*$C$40 -> 3950.64 | I40: =(I27+I28)*$C$40 -> 3950.64 | J40: =(J27+J28)*$C$40 -> 3358.044 | K40: =(K27+K28)*$C$40 -> 3950.64 | L40: =(L27+L28)*$C$40 -> 3555.576 | M40: =(M27+M28)*$C$40 -> 1975.32 | N40: =(N27+N28)*$C$40 -> 2962.98 | ... R40: =(R27+R28)*$C$40 -> 2962.98 | S40: =SUM(G40:R40) -> 43852.104
G43: Stretch | H43: 16-17 mnok
G49: 570 | H49: =G49*1.035 -> 589.95

Sheet Fritzøe - budsjett service
A1: RESULTATBUDSJETT - 2017 | C1: BYGGMESTER FRITZØE AS
A3: Konto | B3: Kontonavn | C3: % | D3: Jan | E3: Feb | F3: Mar | G3: Apr | H3: Mai | I3: Jun | J3: Jul | K3: Aug | L3: Sep | M3: Okt | N3: Nov | O3: Des | P3: Total
A4: INNTEKTER
A5: 3010 | B5: Inntekter Service | C5: =P5/$P$7 -> 1 | D5: ='Fritzøe - SERVICE'!G31 -> 1104964 | E5: ='Fritzøe - SERVICE'!H31 -> 1039120 | F5: ='Fritzøe - SERVICE'!I31 -> 1039120 | G5: ='Fritzøe - SERVICE'!J31 -> 940354 | H5: ='Fritzøe - SERVICE'!K31 -> 1039120 | I5: ='Fritzøe - SERVICE'!L31 -> 973276 | J5: ='Fritzøe - SERVICE'!M31 -> 709900 | K5: ='Fritzøe - SERVICE'!N31 -> 874510 | ... O5: ='Fritzøe - SERVICE'!R31 -> 874510 | P5: =SUM(D5:O5) -> 11876844
A6: 3012 | B6: Inntekter Prosjekt | C6: =P6/$P$7 -> 0 | P6: =SUM(D6:O6) -> 0
B7: Sum inntekter | C7: =P7/$P$7 -> 1 | D7: =SUM(D5:D6) -> 1104964 | E7: =SUM(E5:E6) -> 1039120 | F7: =SUM(F5:F6) -> 1039120 | G7: =SUM(G5:G6) -> 940354 | H7: =SUM(H5:H6) -> 1039120 | I7: =SUM(I5:I6) -> 973276 | J7: =SUM(J5:J6) -> 709900 | K7: =SUM(K5:K6) -> 874510 | ... P7: =SUM(P5:P6) -> 11876844 | IV7: =SUM(D7:IU7) -> 23753688
A9: VAREKOSTNADER
A10: 4300 | B10: Varekjøp Materiell | C10: =P10/$P$7 -> 0.2097861 | D10: ='Fritzøe - SERVICE'!G33 -> 246915 | E10: ='Fritzøe - SERVICE'!H33 -> 224468.18 | F10: ='Fritzøe - SERVICE'!I33 -> 224468.18 | G10: ='Fritzøe - SERVICE'!J33 -> 190797.95 | H10: ='Fritzøe - SERVICE'!K33 -> 224468.18 | I10: ='Fritzøe - SERVICE'!L33 -> 202021.36 | J10: ='Fritzøe - SERVICE'!M33 -> 112234.09 | K10: ='Fritzøe - SERVICE'!N33 -> 168351.14 | ... O10: ='Fritzøe - SERVICE'!R33 -> 168351.14 | P10: =SUM(D10:O10) -> 2491596.8
A11: 4300 | B11: Varekjøp Prosjekt | P11: =SUM(D11:O11) -> 0
A12: 4350 | B12: Produksjonsavfall | C12: =P12/$P$7 -> 0.0098459611 | D12: ='Fritzøe - SERVICE'!G34 -> 11588.544 | E12: ='Fritzøe - SERVICE'!H34 -> 10535.04 | F12: ='Fritzøe - SERVICE'!I34 -> 10535.04 | G12: ='Fritzøe - SERVICE'!J34 -> 8954.784 | H12: ='Fritzøe - SERVICE'!K34 -> 10535.04 | I12: ='Fritzøe - SERVICE'!L34 -> 9481.536 | J12: ='Fritzøe - SERVICE'!M34 -> 5267.52 | K12: ='Fritzøe - SERVICE'!N34 -> 7901.28 | ... O12: ='Fritzøe - SERVICE'!R34 -> 7901.28 | P12: =SUM(D12:O12) -> 116938.94
A13: 4500 | B13: Innkjøpte tjenester - Bemanning | C13: =P13/$P$7 -> 0 | D13: ='Fritzøe - SERVICE'!G39 -> 0 | E13: ='Fritzøe - SERVICE'!H39 -> 0 | F13: ='Fritzøe - SERVICE'!I39 -> 0 | G13: ='Fritzøe - SERVICE'!J39 -> 0 | H13: ='Fritzøe - SERVICE'!K39 -> 0 | I13: ='Fritzøe - SERVICE'!L39 -> 0 | J13: ='Fritzøe - SERVICE'!M39 -> 0 | K13: ='Fritzøe - SERVICE'!N39 -> 0 | ... O13: ='Fritzøe - SERVICE'!R39 -> 0 | P13: =SUM(D13:O13) -> 0
A14: 4501 | B14: Innkjøpte tjenester - Arkitekt/prosjektering | C14: =P14/$P$7 -> 0.0055383531 | D14: ='Fritzøe - SERVICE'!G35 -> 6518.556 | E14: ='Fritzøe - SERVICE'!H35 -> 5925.96 | F14: ='Fritzøe - SERVICE'!I35 -> 5925.96 | G14: ='Fritzøe - SERVICE'!J35 -> 5037.066 | H14: ='Fritzøe - SERVICE'!K35 -> 5925.96 | I14: ='Fritzøe - SERVICE'!L35 -> 5333.364 | J14: ='Fritzøe - SERVICE'!M35 -> 2962.98 | K14: ='Fritzøe - SERVICE'!N35 -> 4444.47 | ... O14: ='Fritzøe - SERVICE'!R35 -> 4444.47 | P14: =SUM(D14:O14) -> 65778.156
A15: 4502 | B15: Innkjøpte tjenester - Grunnarbeid | C15: =P15/$P$7 -> 0 | P15: =SUM(D15:O15) -> 0
A16: 4503 | B16: Innkjøpte tjenester - Kjøkken | C16: =P16/$P$7 -> 0 | P16: =SUM(D16:O16) -> 0
A17: 4504 | B17: Innkjøpte tjenester - VVS | C17: =P17/$P$7 -> 0 | P17: =SUM(D17:O17) -> 0
A18: 4506 | B18: Innkjøpte tjenester - EL | C18: =P18/$P$7 -> 0 | P18: =SUM(D18:O18) -> 0
A19: 4507 | B19: Innkjøpte tjenester - MAL | C19: =P19/$P$7 -> 0.12282333 | D19: ='Fritzøe - SERVICE'!G37 -> 121562.79 | E19: ='Fritzøe - SERVICE'!H37 -> 121562.79 | F19: ='Fritzøe - SERVICE'!I37 -> 121562.79 | G19: ='Fritzøe - SERVICE'!J37 -> 121562.79 | H19: ='Fritzøe - SERVICE'!K37 -> 121562.79 | I19: ='Fritzøe - SERVICE'!L37 -> 121562.79 | J19: ='Fritzøe - SERVICE'!M37 -> 121562.79 | K19: ='Fritzøe - SERVICE'!N37 -> 121562.79 | ... O19: ='Fritzøe - SERVICE'!R37 -> 121562.79 | P19: =SUM(D19:O19) -> 1458753.5
A20: 4508 | B20: Innkjøpte tjenester - Betong | C20: =P20/$P$7 -> 0 | P20: =SUM(D20:O20) -> 0
A21: 4510 | B21: Innkjøpte tjenester - Glass | C21: =P21/$P$7 -> 0 | P21: =SUM(D21:O21) -> 0
A22: 4511 | B22: Innkjøpte tjenester - Trapper | C22: =P22/$P$7 -> 0 | P22: =SUM(D22:O22) -> 0
A23: 4512 | B23: Innkjøpte tjenester - Tak og tekking | C23: =P23/$P$7 -> 0 | P23: =SUM(D23:O23) -> 0
A24: 4513 | B24: Innkjøpte tjenester - Transport og kraning | C24: =P24/$P$7 -> 0 | P24: =SUM(D24:O24) -> 0
A25: 4514 | B25: Innkjøpte tjenester - Flisarbeider | C25: =P25/$P$7 -> 0
A26: 4515 | B26: Innkjøpte tjenester - Service | C26: =P26/$P$7 -> 0.22962941 | D26: ='Fritzøe - SERVICE'!G38 -> 227272.73 | E26: ='Fritzøe - SERVICE'!H38 -> 227272.73 | F26: ='Fritzøe - SERVICE'!I38 -> 227272.73 | G26: ='Fritzøe - SERVICE'!J38 -> 227272.73 | H26: ='Fritzøe - SERVICE'!K38 -> 227272.73 | I26: ='Fritzøe - SERVICE'!L38 -> 227272.73 | J26: ='Fritzøe - SERVICE'!M38 -> 227272.73 | K26: ='Fritzøe - SERVICE'!N38 -> 227272.73 | ... O26: ='Fritzøe - SERVICE'!R38 -> 227272.73 | P26: =SUM(D26:O26) -> 2727272.7
A27: 4505 | B27: Leie stillas/utstyr/container | C27: =P27/$P$7 -> 0.013538197 | D27: ='Fritzøe - SERVICE'!G36 -> 15934.248 | E27: ='Fritzøe - SERVICE'!H36 -> 14485.68 | F27: ='Fritzøe - SERVICE'!I36 -> 14485.68 | G27: ='Fritzøe - SERVICE'!J36 -> 12312.828 | H27: ='Fritzøe - SERVICE'!K36 -> 14485.68 | I27: ='Fritzøe - SERVICE'!L36 -> 13037.112 | J27: ='Fritzøe - SERVICE'!M36 -> 7242.84 | K27: ='Fritzøe - SERVICE'!N36 -> 10864.26 | ... O27: ='Fritzøe - SERVICE'!R36 -> 10864.26 | P27: =SUM(D27:O27) -> 160791.05
A28: 4509 | B28: Byggestrøm | C28: =P28/$P$7 -> 0.0036922354 | D28: ='Fritzøe - SERVICE'!G40 -> 4345.704 | E28: ='Fritzøe - SERVICE'!H40 -> 3950.64 | F28: ='Fritzøe - SERVICE'!I40 -> 3950.64 | G28: ='Fritzøe - SERVICE'!J40 -> 3358.044 | H28: ='Fritzøe - SERVICE'!K40 -> 3950.64 | I28: ='Fritzøe - SERVICE'!L40 -> 3555.576 | J28: ='Fritzøe - SERVICE'!M40 -> 1975.32 | K28: ='Fritzøe - SERVICE'!N40 -> 2962.98 | ... O28: ='Fritzøe - SERVICE'!R40 -> 2962.98 | P28: =SUM(D28:O28) -> 43852.104
B29: Sum varekostnader | C29: =P29/$P$7 -> 0.59485359 | D29: =SUM(D10:D28) -> 634137.57 | E29: =SUM(E10:E28) -> 608201.02 | F29: =SUM(F10:F28) -> 608201.02 | G29: =SUM(G10:G28) -> 569296.19 | H29: =SUM(H10:H28) -> 608201.02 | I29: =SUM(I10:I28) -> 582264.47 | J29: =SUM(J10:J28) -> 478518.27 | K29: =SUM(K10:K28) -> 543359.64 | ... P29: =SUM(P10:P28) -> 7064983.3 | Q29: =P29/$P$7 -> 0.59485359
A31: DEKNINGSGRAD 1 | C31: =P31/$P$7 -> 0.40514641 | D31: =D7-D29 -> 470826.43 | E31: =E7-E29 -> 430918.98 | F31: =F7-F29 -> 430918.98 | G31: =G7-G29 -> 371057.81 | H31: =H7-H29 -> 430918.98 | I31: =I7-I29 -> 391011.53 | J31: =J7-J29 -> 231381.73 | K31: =K7-K29 -> 331150.36 | ... O31: =O7-O29 -> 331150.36 | P31: =SUM(D31:O31) -> 4811860.7
A33: LØNNSKOSTNADER
A34: 5000 | B34: Lønn til ansatte | C34: =P34/$P$7 -> 0.23762907 | D34: ='Fritzøe - SERVICE'!G20+'Fritzøe - SERVICE'!G21 -> 274797.19 | E34: ='Fritzøe - SERVICE'!H20+'Fritzøe - SERVICE'!H21 -> 237753.97 | F34: ='Fritzøe - SERVICE'!I20+'Fritzøe - SERVICE'!I21 -> 237753.97 | G34: ='Fritzøe - SERVICE'!J20+'Fritzøe - SERVICE'!J21 -> 247941.72 | H34: ='Fritzøe - SERVICE'!K20+'Fritzøe - SERVICE'!K21 -> 284496.39 | I34: ='Fritzøe - SERVICE'!L20+'Fritzøe - SERVICE'!L21 -> 232927.56 | J34: ='Fritzøe - SERVICE'!M20+'Fritzøe - SERVICE'!M21 -> 121848.91 | K34: ='Fritzøe - SERVICE'!N20+'Fritzøe - SERVICE'!N21 -> 182773.36 | ... O34: ='Fritzøe - SERVICE'!R20+'Fritzøe - SERVICE'!R21 -> 209972.41 | P34: =SUM(D34:O34) -> 2822283.4
A35: 5011 | B35: Gangtid 7,5 - 15 km | C35: =P35/$P$7 -> 0.0030311083 | D35: 3000 | E35: =D35 -> 3000 | F35: =E35 -> 3000 | G35: =F35 -> 3000 | H35: =G35 -> 3000 | I35: =H35 -> 3000 | J35: =I35 -> 3000 | K35: =J35 -> 3000 | L35: =K35 -> 3000 | ... O35: =N35 -> 3000 | P35: =SUM(D35:O35) -> 36000
A36: 5092 | B36: Feriepenger | C36: =P36/$P$7 -> 0.028879221 | D36: =SUM(D34:D35)*12/100 -> 33335.663 | E36: =SUM(E34:E35)*12/100 -> 28890.476 | F36: =SUM(F34:F35)*12/100 -> 28890.476 | G36: =SUM(G34:G35)*12/100 -> 30113.006 | H36: =SUM(H34:H35)*12/100 -> 34499.567 | I36: =SUM(I34:I35)*12/100 -> 28311.307 | J36: =SUM(J34:J35)*12/100 -> 14981.869 | K36: =SUM(K34:K35)*12/100 -> 22292.804 | ... O36: =SUM(O34:O35)*12/100 -> 25556.69 | P36: =SUM(D36:O36) -> 342994.01
A37: 5110 | B37: Sykepenger | C37: =P37/$P$7 -> 0 | P37: =SUM(D37:O37) -> 0
A38: 5330 | B38: Styrehonorar | C38: =P38/$P$7 -> 0 | P38: =SUM(D38:O38) -> 0
A39: 5400 | B39: Arbeidsgiveravgift | C39: =P39/$P$7 -> 0.019012154 | D39: =SUM(D34:D35)*7.9% -> 21945.978 | E39: =SUM(E34:E35)*7.9% -> 19019.564 | F39: =SUM(F34:F35)*7.9% -> 19019.564 | G39: =SUM(G34:G35)*7.9% -> 19824.396 | H39: =SUM(H34:H35)*7.9% -> 22712.215 | I39: =SUM(I34:I35)*7.9% -> 18638.277 | J39: =SUM(J34:J35)*7.9% -> 9863.0638 | K39: =SUM(K34:K35)*7.9% -> 14676.096 | ... O39: =SUM(O34:O35)*7.9% -> 16824.821 | P39: =SUM(D39:O39) -> 225804.39
A40: 5405 | B40: Arbeidsgiveravgift påløpne feriepenger | C40: =P40/$P$7 -> 0.0022814585 | D40: =SUM(D36*7.9%) -> 2633.5174 | E40: =SUM(E36*7.9%) -> 2282.3476 | F40: =SUM(F36*7.9%) -> 2282.3476 | G40: =SUM(G36*7.9%) -> 2378.9275 | H40: =SUM(H36*7.9%) -> 2725.4658 | I40: =SUM(I36*7.9%) -> 2236.5933 | J40: =SUM(J36*7.9%) -> 1183.5677 | K40: =SUM(K36*7.9%) -> 1761.1315 | ... O40: =SUM(O36*7.9%) -> 2018.9785 | P40: =SUM(D40:O40) -> 27096.527
B41: Sum lønnskostnader | C41: =P41/$P$7 -> 0.29083301 | D41: =SUM(D34:D40) -> 335712.35 | E41: =SUM(E34:E40) -> 290946.36 | F41: =SUM(F34:F40) -> 290946.36 | G41: =SUM(G34:G40) -> 303258.05 | H41: =SUM(H34:H40) -> 347433.64 | I41: =SUM(I34:I40) -> 285113.74 | J41: =SUM(J34:J40) -> 150877.41 | K41: =SUM(K34:K40) -> 224503.39 | ... P41: =SUM(P34:P40) -> 3454178.3
A43: ANDRE PERSONALKOSTNADER
A44: 5920 | B44: Yrkesskadeforsikring | C44: =P44/$P$7 -> 0.0010103694 | D44: 1000 | E44: =D44 -> 1000 | F44: =E44 -> 1000 | G44: =F44 -> 1000 | H44: =G44 -> 1000 | I44: =H44 -> 1000 | J44: =I44 -> 1000 | K44: =J44 -> 1000 | L44: =K44 -> 1000 | ... O44: =N44 -> 1000 | P44: =SUM(D44:O44) -> 12000
A45: 5945 | B45: Innskuddsbasert tjenestepensjon | C45: =P45/$P$7 -> 0.0078417593 | D45: =D34*3.3/100 -> 9068.3074 | E45: =E34*3.3/100 -> 7845.881 | F45: =F34*3.3/100 -> 7845.881 | G45: =G34*3.3/100 -> 8182.0767 | H45: =H34*3.3/100 -> 9388.3809 | I45: =I34*3.3/100 -> 7686.6095 | J45: =J34*3.3/100 -> 4021.014 | K45: =K34*3.3/100 -> 6031.521 | ... O45: =O34*3.3/100 -> 6929.0896 | P45: =SUM(D45:O45) -> 93135.352
A46: 5990 | B46: Andre sosiale kostnader | C46: =P46/$P$7 -> 0.0015155541 | D46: 1500 | E46: =D46 -> 1500 | F46: =E46 -> 1500 | G46: =F46 -> 1500 | H46: =G46 -> 1500 | I46: =H46 -> 1500 | J46: =I46 -> 1500 | K46: =J46 -> 1500 | L46: =K46 -> 1500 | ... O46: =N46 -> 1500 | P46: =SUM(D46:O46) -> 18000
B47: Sum andre personalkostnader | C47: =P47/$P$7 -> 0.010367683 | D47: =SUM(D44:D46) -> 11568.307 | E47: =SUM(E44:E46) -> 10345.881 | F47: =SUM(F44:F46) -> 10345.881 | G47: =SUM(G44:G46) -> 10682.077 | H47: =SUM(H44:H46) -> 11888.381 | I47: =SUM(I44:I46) -> 10186.61 | J47: =SUM(J44:J46) -> 6521.014 | K47: =SUM(K44:K46) -> 8531.521 | ... P47: =SUM(P44:P46) -> 123135.35
B49: SUM LØNNS- OG PERSONALKOSTNADER | D49: =D41+D47 -> 347280.66 | E49: =E41+E47 -> 301292.24 | F49: =F41+F47 -> 301292.24 | G49: =G41+G47 -> 313940.12 | H49: =H41+H47 -> 359322.02 | I49: =I41+I47 -> 295300.35 | J49: =J41+J47 -> 157398.42 | K49: =K41+K47 -> 233034.92 | ... P49: =P41+P47 -> 3577313.7 | Q49: =P49/$P$7 -> 0.3012007
A51: DEKNINGSGRAD 2 | C51: =P51/$P$7 -> 0.10394571 | D51: =D31-D49 -> 123545.77 | E51: =E31-E49 -> 129626.74 | F51: =F31-F49 -> 129626.74 | G51: =G31-G49 -> 57117.681 | H51: =H31-H49 -> 71596.96 | I51: =I31-I49 -> 95711.182 | J51: =J31-J49 -> 73983.307 | K51: =K31-K49 -> 98115.44 | ... P51: =P31-P49 -> 1234547 | Q51: =P51/$P$7 -> 0.10394571
A53: AVSKRIVNINGER
A54: 6000 | B54: Avskrivning maskiner mv | C54: =P54/$P$7 -> 0.0030311083 | D54: 3000 | E54: =D54 -> 3000 | F54: =E54 -> 3000 | G54: =F54 -> 3000 | H54: =G54 -> 3000 | I54: =H54 -> 3000 | J54: =I54 -> 3000 | K54: =J54 -> 3000 | L54: =K54 -> 3000 | ... O54: =N54 -> 3000 | P54: =SUM(D54:O54) -> 36000
B55: Sum avskrivninger | C55: =P55/$P$7 -> 0.0030311083 | D55: =SUM(D54:D54) -> 3000 | E55: =SUM(E54:E54) -> 3000 | F55: =SUM(F54:F54) -> 3000 | G55: =SUM(G54:G54) -> 3000 | H55: =SUM(H54:H54) -> 3000 | I55: =SUM(I54:I54) -> 3000 | J55: =SUM(J54:J54) -> 3000 | K55: =SUM(K54:K54) -> 3000 | ... P55: =SUM(P54:P54) -> 36000
A57: KOSTNADER LOKALER (30%)
A58: 6300 | B58: Leie lokaler | C58: =P58/$P$7 -> 0.0046654818 | D58: =15392*30% -> 4617.6 | E58: =D58 -> 4617.6 | F58: =E58 -> 4617.6 | G58: =F58 -> 4617.6 | H58: =G58 -> 4617.6 | I58: =H58 -> 4617.6 | J58: =I58 -> 4617.6 | K58: =J58 -> 4617.6 | L58: =K58 -> 4617.6 | ... O58: =N58 -> 4617.6 | P58: =SUM(D58:O58) -> 55411.2
A59: 6340 | B59: Strøm | C59: =P59/$P$7 -> 0.00055560214 | D59: =1833*30% -> 549.9 | E59: =D59 -> 549.9 | F59: =E59 -> 549.9 | G59: =F59 -> 549.9 | H59: =G59 -> 549.9 | I59: =H59 -> 549.9 | J59: =I59 -> 549.9 | K59: =J59 -> 549.9 | L59: =K59 -> 549.9 | ... O59: =N59 -> 549.9 | P59: =SUM(D59:O59) -> 6598.8
A60: 6360 | B60: Renhold | C60: =P60/$P$7 -> 0.00041374628 | D60: =1365*30% -> 409.5 | E60: =D60 -> 409.5 | F60: =E60 -> 409.5 | G60: =F60 -> 409.5 | H60: =G60 -> 409.5 | I60: =H60 -> 409.5 | J60: =I60 -> 409.5 | K60: =J60 -> 409.5 | L60: =K60 -> 409.5 | ... O60: =N60 -> 409.5 | P60: =SUM(D60:O60) -> 4914
A61: 6390 | B61: Annen kostnad lokaler | C61: =P61/$P$7 -> 0.0010002657 | D61: =(1833+1467)*30% -> 990 | E61: =D61 -> 990 | F61: =E61 -> 990 | G61: =F61 -> 990 | H61: =G61 -> 990 | I61: =H61 -> 990 | J61: =I61 -> 990 | K61: =J61 -> 990 | L61: =K61 -> 990 | ... O61: =N61 -> 990 | P61: =SUM(D61:O61) -> 11880
B62: Sum kostnader lokaler | C62: =P62/$P$7 -> 0.006635096 | D62: =SUM(D58:D61) -> 6567 | E62: =SUM(E58:E61) -> 6567 | F62: =SUM(F58:F61) -> 6567 | G62: =SUM(G58:G61) -> 6567 | H62: =SUM(H58:H61) -> 6567 | I62: =SUM(I58:I61) -> 6567 | J62: =SUM(J58:J61) -> 6567 | K62: =SUM(K58:K61) -> 6567 | ... P62: =SUM(P58:P61) -> 78804
A64: LEIE MASKINER OG UTSTYR
A65: 6416 | B65: Leasing Malthus arbeidsbrakke | C65: =P65/$P$7 -> 0 | P65: =SUM(D65:O65) -> 0
A66: 6417 | B66: Leasing stillasje Instant | C66: =P66/$P$7 -> 0 | P66: =SUM(D66:O66) -> 0
A67: 6441 | B67: Leasing Ford Transit Connect YE94624 | C67: =P67/$P$7 -> 0 | D67: 0 | E67: =D67 -> 0 | F67: =E67 -> 0 | G67: =F67 -> 0 | H67: =G67 -> 0 | I67: =H67 -> 0 | J67: =I67 -> 0 | K67: =J67 -> 0 | L67: =K67 -> 0 | P67: =SUM(D67:O67) -> 0
A68: 6442 | B68: Leasing Ford Transit Custom YE96637 | C68: =P68/$P$7 -> 0.0037795301 | D68: 4500 | E68: =D68 -> 4500 | F68: =E68 -> 4500 | G68: =F68 -> 4500 | H68: =G68 -> 4500 | I68: =H68 -> 4500 | J68: =I68 -> 4500 | K68: =J68 -> 4500 | L68: =80000/36 -> 2222.2222 | M68: =L68 -> 2222.2222 | N68: =M68 -> 2222.2222 | O68: =N68 -> 2222.2222 | P68: =SUM(D68:O68) -> 44888.889
A69: 6444 | B69: Leasing Ford Ranger YE92021 | C69: =P69/$P$7 -> 0 | P69: =SUM(D69:O69) -> 0
A70: 6445 | B70: Leasing Ford Transit Connect YE86253 | C70: =P70/$P$7 -> 0 | P70: =SUM(D70:O70) -> 0
A71: 6446 | B71: Leasing Ford Transit 300M YE83799 | C71: =P71/$P$7 -> 0 | P71: =SUM(D71:O71) -> 0
A72: 6447 | B72: Leasing Ford Transit Custom YE95696 | C72: =P72/$P$7 -> 0.0028206146 | D72: 4500 | E72: =D72 -> 4500 | F72: =E72 -> 4500 | G72: =80000/36 -> 2222.2222 | H72: =G72 -> 2222.2222 | I72: =H72 -> 2222.2222 | J72: =I72 -> 2222.2222 | K72: =J72 -> 2222.2222 | L72: =K72 -> 2222.2222 | M72: =L72 -> 2222.2222 | N72: =M72 -> 2222.2222 | O72: =N72 -> 2222.2222 | P72: =SUM(D72:O72) -> 33500
A73: 6448 | B73: Leasing Ford Transit Custom YE96636 | C73: =P73/$P$7 -> 0 | P73: =SUM(D73:O73) -> 0
A74: 6449 | B74: Leasing Ford Transit Custom YE98782 | C74: =P74/$P$7 -> 0.0042435516 | D74: 4200 | E74: =D74 -> 4200 | F74: =E74 -> 4200 | G74: =F74 -> 4200 | H74: =G74 -> 4200 | I74: =H74 -> 4200 | J74: =I74 -> 4200 | K74: =J74 -> 4200 | L74: =K74 -> 4200 | ... O74: =N74 -> 4200 | P74: =SUM(D74:O74) -> 50400
A75: 6450 | B75: Leasing Ford Transit Custom YE98781 | C75: =P75/$P$7 -> 0 | P75: =SUM(D75:O75) -> 0
A76: 6490 | B76: Annen leiekostnad | C76: =P76/$P$7 -> 0 | D76: 0 | E76: =D76 -> 0 | F76: =E76 -> 0 | G76: =F76 -> 0 | H76: =G76 -> 0 | I76: =H76 -> 0 | J76: =I76 -> 0 | K76: =J76 -> 0 | L76: =K76 -> 0 | ... O76: =N76 -> 0 | P76: =SUM(D76:O76) -> 0
A77: 6418 | B77: Leasing Hardangerstillasje | C77: =P77/$P$7 -> 0 | P77: =SUM(D77:O77) -> 0
B78: Sum leie maskiner og utstyr | C78: =P78/$P$7 -> 0.010843696 | D78: =SUM(D65:D76) -> 13200 | E78: =SUM(E65:E76) -> 13200 | F78: =SUM(F65:F76) -> 13200 | G78: =SUM(G65:G76) -> 10922.222 | H78: =SUM(H65:H76) -> 10922.222 | I78: =SUM(I65:I76) -> 10922.222 | J78: =SUM(J65:J76) -> 10922.222 | K78: =SUM(K65:K76) -> 10922.222 | ... P78: =SUM(P65:P76) -> 128788.89
A80: KOSTNADSFØRTE ANSKAFFELSER
A81: 6510 | B81: Verktøy | C81: =P81/$P$7 -> 0.003536293 | D81: 3500 | E81: =D81 -> 3500 | F81: =E81 -> 3500 | G81: =F81 -> 3500 | H81: =G81 -> 3500 | I81: =H81 -> 3500 | J81: =I81 -> 3500 | K81: =J81 -> 3500 | L81: =K81 -> 3500 | ... O81: =N81 -> 3500 | P81: =SUM(D81:O81) -> 42000
A82: 6540 | B82: Inventar/utstyr ikke akt. pliktig | C82: =P82/$P$7 -> 0.00050518471 | D82: 500 | E82: =D82 -> 500 | F82: =E82 -> 500 | G82: =F82 -> 500 | H82: =G82 -> 500 | I82: =H82 -> 500 | J82: =I82 -> 500 | K82: =J82 -> 500 | L82: =K82 -> 500 | ... O82: =N82 -> 500 | P82: =SUM(D82:O82) -> 6000
A83: 6541 | B83: IT-utstyr og telefoner | C83: =P83/$P$7 -> 0.00050518471 | D83: 500 | E83: =D83 -> 500 | F83: =E83 -> 500 | G83: =F83 -> 500 | H83: =G83 -> 500 | I83: =H83 -> 500 | J83: =I83 -> 500 | K83: =J83 -> 500 | L83: =K83 -> 500 | ... O83: =N83 -> 500 | P83: =SUM(D83:O83) -> 6000
A84: 6553 | B84: Lisenser dataprogram | C84: =P84/$P$7 -> 0.0010103694 | D84: 1000 | E84: =D84 -> 1000 | F84: =E84 -> 1000 | G84: =F84 -> 1000 | H84: =G84 -> 1000 | I84: =H84 -> 1000 | J84: =I84 -> 1000 | K84: =J84 -> 1000 | L84: =K84 -> 1000 | ... O84: =N84 -> 1000 | P84: =SUM(D84:O84) -> 12000
A85: 6570 | B85: Arbeidsklær og verneutstyr | C85: =P85/$P$7 -> 0.0015155541 | D85: 1500 | E85: =D85 -> 1500 | F85: =E85 -> 1500 | G85: =F85 -> 1500 | H85: =G85 -> 1500 | I85: =H85 -> 1500 | J85: =I85 -> 1500 | K85: =J85 -> 1500 | L85: =K85 -> 1500 | ... O85: =N85 -> 1500 | P85: =SUM(D85:O85) -> 18000
A86: 6590 | B86: Andre driftskostnader | C86: =P86/$P$7 -> 0.0010103694 | D86: 1000 | E86: =D86 -> 1000 | F86: =E86 -> 1000 | G86: =F86 -> 1000 | H86: =G86 -> 1000 | I86: =H86 -> 1000 | J86: =I86 -> 1000 | K86: =J86 -> 1000 | L86: =K86 -> 1000 | ... O86: =N86 -> 1000 | P86: =SUM(D86:O86) -> 12000
B87: Sum kostnadsførte anskaffelser | C87: =P87/$P$7 -> 0.0080829554 | D87: =SUM(D81:D86) -> 8000 | E87: =SUM(E81:E86) -> 8000 | F87: =SUM(F81:F86) -> 8000 | G87: =SUM(G81:G86) -> 8000 | H87: =SUM(H81:H86) -> 8000 | I87: =SUM(I81:I86) -> 8000 | J87: =SUM(J81:J86) -> 8000 | K87: =SUM(K81:K86) -> 8000 | ... P87: =SUM(P81:P86) -> 96000
A89: REPARASJONER OG VEDLIKEHOLD
A90: 6620 | B90: Reparasjoner og vedlikehold utstyr | C90: =P90/$P$7 -> 0.0010103694 | D90: 1000 | E90: =D90 -> 1000 | F90: =E90 -> 1000 | G90: =F90 -> 1000 | H90: =G90 -> 1000 | I90: =H90 -> 1000 | J90: =I90 -> 1000 | K90: =J90 -> 1000 | L90: =K90 -> 1000 | ... O90: =N90 -> 1000 | P90: =SUM(D90:O90) -> 12000
B91: Sum reparasjoner og vedlikehold | C91: =P91/$P$7 -> 0.0010103694 | D91: =SUM(D90) -> 1000 | E91: =SUM(E90) -> 1000 | F91: =SUM(F90) -> 1000 | G91: =SUM(G90) -> 1000 | H91: =SUM(H90) -> 1000 | I91: =SUM(I90) -> 1000 | J91: =SUM(J90) -> 1000 | K91: =SUM(K90) -> 1000 | ... P91: =SUM(P90) -> 12000
A93: EKSTERNE HONORARER
A94: 6700 | B94: Revisjonshonorar | C94: =P94/$P$7 -> 0.0012124433 | D94: 1200 | E94: =D94 -> 1200 | F94: =E94 -> 1200 | G94: =F94 -> 1200 | H94: =G94 -> 1200 | I94: =H94 -> 1200 | J94: =I94 -> 1200 | K94: =J94 -> 1200 | L94: =K94 -> 1200 | ... O94: =N94 -> 1200 | P94: =SUM(D94:O94) -> 14400
A95: 6705 | B95: Regnskapshonorar | C95: =P95/$P$7 -> 0.0050518471 | D95: 5000 | E95: =D95 -> 5000 | F95: =E95 -> 5000 | G95: =F95 -> 5000 | H95: =G95 -> 5000 | I95: =H95 -> 5000 | J95: =I95 -> 5000 | K95: =J95 -> 5000 | L95: =K95 -> 5000 | ... O95: =N95 -> 5000 | P95: =SUM(D95:O95) -> 60000
A96: 6721 | B96: Konserntjenester | C96: =P96/$P$7 -> 0.016187027 | D96: =53403*0.3 -> 16020.9 | E96: =D96 -> 16020.9 | F96: =E96 -> 16020.9 | G96: =F96 -> 16020.9 | H96: =G96 -> 16020.9 | I96: =H96 -> 16020.9 | J96: =I96 -> 16020.9 | K96: =J96 -> 16020.9 | L96: =K96 -> 16020.9 | ... O96: =N96 -> 16020.9 | P96: =SUM(D96:O96) -> 192250.8
A97: 6725 | B97: Honorar juridisk bistand | C97: =P97/$P$7 -> 0.00050518471 | D97: 500 | E97: =D97 -> 500 | F97: =E97 -> 500 | G97: =F97 -> 500 | H97: =G97 -> 500 | I97: =H97 -> 500 | J97: =I97 -> 500 | K97: =J97 -> 500 | L97: =K97 -> 500 | ... O97: =N97 -> 500 | P97: =SUM(D97:O97) -> 6000
B98: Sum eksterne honorarer | C98: =P98/$P$7 -> 0.022956503 | D98: =SUM(D94:D97) -> 22720.9 | E98: =SUM(E94:E97) -> 22720.9 | F98: =SUM(F94:F97) -> 22720.9 | G98: =SUM(G94:G97) -> 22720.9 | H98: =SUM(H94:H97) -> 22720.9 | I98: =SUM(I94:I97) -> 22720.9 | J98: =SUM(J94:J97) -> 22720.9 | K98: =SUM(K94:K97) -> 22720.9 | ... P98: =SUM(P94:P97) -> 272650.8
A100: KONTORKOSTNADER
A101: 6800 | B101: Kontorrekvisita | C101: =P101/$P$7 -> 0.00030311083 | D101: 300 | E101: =D101 -> 300 | F101: =E101 -> 300 | G101: =F101 -> 300 | H101: =G101 -> 300 | I101: =H101 -> 300 | J101: =I101 -> 300 | K101: =J101 -> 300 | L101: =K101 -> 300 | ... O101: =N101 -> 300 | P101: =SUM(D101:O101) -> 3600
A102: 6890 | B102: Annen kontorkostnad | C102: =P102/$P$7 -> 0.00030311083 | D102: 300 | E102: =D102 -> 300 | F102: =E102 -> 300 | G102: =F102 -> 300 | H102: =G102 -> 300 | I102: =H102 -> 300 | J102: =I102 -> 300 | K102: =J102 -> 300 | L102: =K102 -> 300 | ... O102: =N102 -> 300 | P102: =SUM(D102:O102) -> 3600
A103: 6900 | B103: IT-kostnader | C103: =P103/$P$7 -> 0.00080829554 | D103: 800 | E103: =D103 -> 800 | F103: =E103 -> 800 | G103: =F103 -> 800 | H103: =G103 -> 800 | I103: =H103 -> 800 | J103: =I103 -> 800 | K103: =J103 -> 800 | L103: =K103 -> 800 | ... O103: =N103 -> 800 | P103: =SUM(D103:O103) -> 9600
A104: 6903 | B104: Mobiltelefon (ab) | C104: =P104/$P$7 -> 0.00060622165 | D104: 600 | E104: =D104 -> 600 | F104: =E104 -> 600 | G104: =F104 -> 600 | H104: =G104 -> 600 | I104: =H104 -> 600 | J104: =I104 -> 600 | K104: =J104 -> 600 | L104: =K104 -> 600 | ... O104: =N104 -> 600 | P104: =SUM(D104:O104) -> 7200
A105: 6940 | B105: Porto | C105: =P105/$P$7 -> 0.00010103694 | D105: 100 | E105: =D105 -> 100 | F105: =E105 -> 100 | G105: =F105 -> 100 | H105: =G105 -> 100 | I105: =H105 -> 100 | J105: =I105 -> 100 | K105: =J105 -> 100 | L105: =K105 -> 100 | ... O105: =N105 -> 100 | P105: =SUM(D105:O105) -> 1200
B106: Sum kontorkostnader | C106: =P106/$P$7 -> 0.0021217758 | D106: =SUM(D101:D105) -> 2100 | E106: =SUM(E101:E105) -> 2100 | F106: =SUM(F101:F105) -> 2100 | G106: =SUM(G101:G105) -> 2100 | H106: =SUM(H101:H105) -> 2100 | I106: =SUM(I101:I105) -> 2100 | J106: =SUM(J101:J105) -> 2100 | K106: =SUM(K101:K105) -> 2100 | ... P106: =SUM(P101:P105) -> 25200
A108: BILKOSTNADER
A109: 7000 | B109: Drivstoff transportmidler | C109: =P109/$P$7 -> 0.0050518471 | D109: 5000 | E109: =D109 -> 5000 | F109: =E109 -> 5000 | G109: =F109 -> 5000 | H109: =G109 -> 5000 | I109: =H109 -> 5000 | J109: =I109 -> 5000 | K109: =J109 -> 5000 | L109: =K109 -> 5000 | ... O109: =N109 -> 5000 | P109: =SUM(D109:O109) -> 60000
A110: 7020 | B110: Vedlikehold transportmidler | C110: =P110/$P$7 -> 0.0030311083 | D110: 3000 | E110: =D110 -> 3000 | F110: =E110 -> 3000 | G110: =F110 -> 3000 | H110: =G110 -> 3000 | I110: =H110 -> 3000 | J110: =I110 -> 3000 | K110: =J110 -> 3000 | L110: =K110 -> 3000 | ... O110: =N110 -> 3000 | P110: =SUM(D110:O110) -> 36000
A111: 7040 | B111: Forsikring transportmidler | C111: =P111/$P$7 -> 0 | P111: =SUM(D111:O111) -> 0
A112: 7090 | B112: Annen kostnad transportmidler | C112: =P112/$P$7 -> 0.0050518471 | D112: 5000 | E112: =D112 -> 5000 | F112: =E112 -> 5000 | G112: =F112 -> 5000 | H112: =G112 -> 5000 | I112: =H112 -> 5000 | J112: =I112 -> 5000 | K112: =J112 -> 5000 | L112: =K112 -> 5000 | ... O112: =N112 -> 5000 | P112: =SUM(D112:O112) -> 60000
B113: Sum bilkostnader | C113: =P113/$P$7 -> 0.013134802 | D113: =SUM(D109:D112) -> 13000 | E113: =SUM(E109:E112) -> 13000 | F113: =SUM(F109:F112) -> 13000 | G113: =SUM(G109:G112) -> 13000 | H113: =SUM(H109:H112) -> 13000 | I113: =SUM(I109:I112) -> 13000 | J113: =SUM(J109:J112) -> 13000 | K113: =SUM(K109:K112) -> 13000 | ... P113: =SUM(P109:P112) -> 156000
A115: REISE, DIETT OG BILGODTGJØRELSE
A116: 7100 | B116: Bilgodtgjørelse oppgavepliktig | C116: =P116/$P$7 -> 0.00050518471 | D116: 500 | E116: =D116 -> 500 | F116: =E116 -> 500 | G116: =F116 -> 500 | H116: =G116 -> 500 | I116: =H116 -> 500 | J116: =I116 -> 500 | K116: =J116 -> 500 | L116: =K116 -> 500 | ... O116: =N116 -> 500 | P116: =SUM(D116:O116) -> 6000
...

Sheet Fritzøe - Budsjett 2019
A1: RESULTATBUDSJETT - 2019 | C1: BYGGMESTER FRITZØE AS
A3: Konto | B3: Kontonavn | C3: % | D3: Jan | E3: Feb | F3: Mar | G3: Apr | H3: Mai | I3: Jun | J3: Jul | K3: Aug | L3: Sep | M3: Okt | N3: Nov | O3: Des | P3: Total
A4: INNTEKTER
A5: 3010 | B5: Inntekter Service | C5: =P5/$P$7 -> 0.21022791 | D5: ='Fritzøe - budsjett service'!D7 -> 1104964 | E5: ='Fritzøe - budsjett service'!E7 -> 1039120 | F5: ='Fritzøe - budsjett service'!F7 -> 1039120 | G5: ='Fritzøe - budsjett service'!G7 -> 940354 | H5: ='Fritzøe - budsjett service'!H7 -> 1039120 | I5: ='Fritzøe - budsjett service'!I7 -> 973276 | J5: ='Fritzøe - budsjett service'!J7 -> 709900 | K5: ='Fritzøe - budsjett service'!K7 -> 874510 | ... O5: ='Fritzøe - budsjett service'!O7 -> 874510 | P5: =SUM(D5:O5) -> 11876844
A6: 3012 | B6: Inntekter Prosjekt | C6: =P6/$P$7 -> 0.78977209 | D6: ='Fritzøe - budsj 2020'!D7 -> 3233136.6 | E6: ='Fritzøe - budsj 2020'!E7 -> 3120695.3 | F6: ='Fritzøe - budsj 2020'!F7 -> 4098939.1 | G6: ='Fritzøe - budsj 2020'!G7 -> 3317343 | H6: ='Fritzøe - budsj 2020'!H7 -> 4199380.7 | I6: ='Fritzøe - budsj 2020'!I7 -> 4357162.5 | J6: ='Fritzøe - budsj 2020'!J7 -> 2199107.4 | K6: ='Fritzøe - budsj 2020'!K7 -> 3710478.9 | ... O6: ='Fritzøe - budsj 2020'!O7 -> 3202916.7 | P6: =SUM(D6:O6) -> 44618244
B7: Sum inntekter | C7: =P7/$P$7 -> 1 | D7: =SUM(D5:D6) -> 4338100.6 | E7: =SUM(E5:E6) -> 4159815.3 | F7: =SUM(F5:F6) -> 5138059.1 | G7: =SUM(G5:G6) -> 4257697 | H7: =SUM(H5:H6) -> 5238500.7 | I7: =SUM(I5:I6) -> 5330438.5 | J7: =SUM(J5:J6) -> 2909007.4 | K7: =SUM(K5:K6) -> 4584988.9 | ... P7: =SUM(P5:P6) -> 56495088 | IV7: =SUM(D7:IU7) -> 1.1299018e+08
A9: VAREKOSTNADER
